id,1st_name,2nd_name,position,team,tot_pts,prvGWsPtsTrend,web_name,pts/game,form,xPts,#OfMatches_nxtGWs,tot_xPts,gw33Pts,gw34Pts,tot_aPts,tot_aPts/tot_xPts,nxtGWsPtsTrend
19,Gabriel,Martinelli Silva,MID,ARS,189,~,"Martinelli (MID, ~)",5.9,8.0,6.6,2,13.2,1,1,2,0.15152,vv
28,Gabriel,Fernando de Jesus,FWD,ARS,99,~,"Jesus (FWD, ~)",5.0,7.0,5.667,2,11.334,2,7,9,0.79407,~
7,Martin,Ødegaard,MID,ARS,178,^,"Ødegaard (MID, ^)",5.7,6.2,5.867,2,11.734,2,15,17,1.44878,^
10,Benjamin,White,DEF,ARS,139,~,"White (DEF, ~)",4.3,4.5,4.367,2,8.734,0,2,2,0.22899,vv
13,Bukayo,Saka,MID,ARS,185,~,"Saka (MID, ~)",5.8,3.8,5.133,2,10.266,2,2,4,0.38964,v
3,Granit,Xhaka,MID,ARS,118,v,"Xhaka (MID, v)",3.8,3.0,3.533,2,7.066,1,13,14,1.98132,^^
111,Leandro,Trossard,MID,ARS,135,v,"Trossard (MID, v)",4.5,2.0,3.667,2,7.334,4,1,5,0.68176,~
15,Aaron,Ramsdale,GKP,ARS,119,v,"Ramsdale (GKP, v)",3.7,1.8,3.067,2,6.134,1,3,4,0.6521,~
6,Thomas,Partey,MID,ARS,78,v,"Partey (MID, v)",2.9,1.5,2.433,2,4.866,1,1,2,0.41102,v
23,Reiss,Nelson,MID,ARS,37,v,"Nelson (MID, v)",6.2,1.2,4.533,2,9.066,1,1,2,0.2206,vv
16,Gabriel,dos Santos Magalhães,DEF,ARS,129,v,"Gabriel (DEF, v)",4.0,1.2,3.067,2,6.134,0,2,2,0.32605,vv
5,Rob,Holding,DEF,ARS,14,~,"Holding (DEF, ~)",1.2,1.2,1.2,2,2.4,6,1,7,2.91667,^^^
313,Oleksandr,Zinchenko,DEF,ARS,91,v,"Zinchenko (DEF, v)",3.8,0.8,2.8,2,5.6,0,2,2,0.35714,vv
25,Fábio,Ferreira Vieira,MID,ARS,38,~,"Fábio Vieira (MID, ~)",1.9,0.8,1.533,2,3.066,0,0,0,0.0,vv
8,Kieran,Tierney,DEF,ARS,32,v,"Tierney (DEF, v)",1.5,0.8,1.267,2,2.534,0,1,1,0.39463,v
130,Jorge Luiz,Frello Filho,MID,ARS,64,v,"Jorginho (MID, v)",2.5,0.5,1.833,2,3.666,1,2,3,0.81833,~
11,Eddie,Nketiah,FWD,ARS,59,v,"Nketiah (FWD, v)",2.4,0.5,1.767,2,3.534,1,0,1,0.28297,vv
12,Emile,Smith Rowe,MID,ARS,12,v,"Smith Rowe (MID, v)",1.3,0.2,0.933,2,1.866,1,0,1,0.53591,v
710,Jakub,Kiwior,DEF,ARS,2,v,"Kiwior (DEF, v)",1.0,0.2,0.733,2,1.466,0,2,2,1.36426,~
26,William,Saliba,DEF,ARS,117,v,"Saliba (DEF, v)",4.3,0.0,2.867,2,5.734,0,0,0,0.0,vv
14,Takehiro,Tomiyasu,DEF,ARS,32,v,"Tomiyasu (DEF, v)",1.5,0.0,1.0,2,2.0,0,0,0,0.0,vv
4,Mohamed,Elneny,MID,ARS,6,v,"Elneny (MID, v)",1.2,0.0,0.8,2,1.6,0,0,0,0.0,vv
27,Marcus,Oliveira Alencar,MID,ARS,1,v,"Marquinhos (MID, v)",1.0,0.0,0.667,2,1.334,0,0,0,0.0,vv
630,Ethan,Nwaneri,MID,ARS,1,v,"Nwaneri (MID, v)",1.0,0.0,0.667,2,1.334,0,0,0,0.0,vv
9,Nicolas,Pépé,MID,ARS,0,?,"Pépé (MID, ?)",0.0,0.0,0.0,2,0.0,0,0,0,,?
17,Nuno,Varela Tavares,DEF,ARS,0,?,"Tavares (DEF, ?)",0.0,0.0,0.0,2,0.0,0,0,0,,?
20,Pablo,Marí Villar,DEF,ARS,0,?,"Pablo Marí (DEF, ?)",0.0,0.0,0.0,2,0.0,0,0,0,,?
22,Lucas,Torreira di Pascua,MID,ARS,0,?,"Torreira (MID, ?)",0.0,0.0,0.0,2,0.0,0,0,0,,?
24,Matt,Turner,GKP,ARS,0,?,"Turner (GKP, ?)",0.0,0.0,0.0,2,0.0,0,0,0,,?
607,Matthew,Smith,MID,ARS,0,?,"Smith (MID, ?)",0.0,0.0,0.0,2,0.0,0,0,0,,?
631,Lino,Sousa,DEF,ARS,0,?,"Sousa (DEF, ?)",0.0,0.0,0.0,2,0.0,0,0,0,,?
655,Karl,Hein,GKP,ARS,0,?,"Hein (GKP, ?)",0.0,0.0,0.0,2,0.0,0,0,0,,?
668,Amario,Cozier-Duberry,MID,ARS,0,?,"Cozier-Duberry (MID, ?)",0.0,0.0,0.0,2,0.0,0,0,0,,?
685,Nathan,Butler-Oyedeji,FWD,ARS,0,?,"Butler-Oyedeji (FWD, ?)",0.0,0.0,0.0,2,0.0,0,0,0,,?
751,Reuell,Walters,DEF,ARS,0,?,"Walters (DEF, ?)",0.0,0.0,0.0,2,0.0,0,0,0,,?
40,Ollie,Watkins,FWD,AVL,157,~,"Watkins (FWD, ~)",5.1,8.4,6.2,2,12.4,2,2,4,0.32258,vv
31,Emiliano,Martínez Romero,GKP,AVL,118,~,"Martínez (GKP, ~)",3.9,6.0,4.6,2,9.2,5,3,8,0.86957,~
47,Jacob,Ramsey,MID,AVL,103,^,"Ramsey (MID, ^)",3.6,5.8,4.333,2,8.666,3,2,5,0.57697,v
694,Alexandre,Moreno Lopera,DEF,AVL,58,~,"Álex Moreno (DEF, ~)",4.1,5.0,4.4,2,8.8,7,2,9,1.02273,~
39,Tyrone,Mings,DEF,AVL,108,~,"Mings (DEF, ~)",3.7,4.8,4.067,2,8.134,15,2,17,2.08999,^^^
538,Ashley,Young,DEF,AVL,77,~,"Young (DEF, ~)",3.2,4.6,3.667,2,7.334,5,2,7,0.95446,~
46,Douglas Luiz,Soares de Paulo,MID,AVL,110,~,"Douglas Luiz (MID, ~)",3.5,4.4,3.8,2,7.6,3,2,5,0.65789,~
44,Ezri,Konsa Ngoyo,DEF,AVL,93,~,"Konsa (DEF, ~)",2.9,4.2,3.333,2,6.666,8,2,10,1.50015,^
42,Emiliano,Buendía Stati,MID,AVL,105,~,"Buendía (MID, ~)",3.3,4.0,3.533,2,7.066,3,2,5,0.70761,~
37,John,McGinn,MID,AVL,76,~,"McGinn (MID, ~)",2.7,3.6,3.0,2,6.0,6,2,8,1.33333,~
34,Bertrand,Traoré,MID,AVL,18,v,"Traoré (MID, v)",3.6,3.2,3.467,2,6.934,0,1,1,0.14422,vv
479,Leander,Dendoncker,MID,AVL,31,^,"Dendoncker (MID, ^)",1.5,1.4,1.467,2,2.934,3,2,5,1.70416,^^
45,Leon,Bailey,MID,AVL,90,v,"Bailey (MID, v)",3.1,0.8,2.333,2,4.666,0,0,0,0.0,vv
32,Calum,Chambers,DEF,AVL,11,~,"Chambers (DEF, ~)",0.9,0.6,0.8,2,1.6,1,1,2,1.25,~
33,Lucas,Digne,DEF,AVL,45,v,"Digne (DEF, v)",2.0,0.4,1.467,2,2.934,1,1,2,0.68166,~
35,Robin,Olsen,GKP,AVL,10,v,"Olsen (GKP, v)",2.5,0.2,1.733,2,3.466,0,0,0,0.0,vv
711,Jhon,Durán,FWD,AVL,7,v,"Durán (FWD, v)",0.9,0.2,0.667,2,1.334,0,1,1,0.74963,~
43,Matty,Cash,DEF,AVL,53,v,"Cash (DEF, v)",2.3,0.0,1.533,2,3.066,0,0,0,0.0,vv
53,Boubacar,Kamara,MID,AVL,38,v,"Kamara (MID, v)",1.9,0.0,1.267,2,2.534,0,0,0,0.0,vv
29,Philippe,Coutinho Correia,MID,AVL,32,v,"Coutinho (MID, v)",1.6,0.0,1.067,2,2.134,0,0,0,0.0,vv
50,Diego Carlos,Santos Silva,DEF,AVL,3,v,"Diego Carlos (DEF, v)",1.5,0.0,1.0,2,2.0,0,0,0,0.0,vv
54,Cameron,Archer,FWD,AVL,6,v,"Archer (FWD, v)",1.0,0.0,0.667,2,1.334,0,0,0,0.0,vv
36,Morgan,Sanson,MID,AVL,2,v,"Sanson (MID, v)",1.0,0.0,0.667,2,1.334,0,0,0,0.0,vv
525,Ludwig,Augustinsson,DEF,AVL,2,v,"Augustinsson (DEF, v)",0.7,0.0,0.467,2,0.934,0,0,0,0.0,vv
38,Kortney,Hause,DEF,AVL,0,?,"Hause (DEF, ?)",0.0,0.0,0.0,2,0.0,0,0,0,,?
41,Marvelous,Nakamba,MID,AVL,0,?,"Nakamba (MID, ?)",0.0,0.0,0.0,2,0.0,0,0,0,,?
49,Tim,Iroegbunam,MID,AVL,0,?,"Iroegbunam (MID, ?)",0.0,0.0,0.0,2,0.0,0,0,0,,?
51,Anwar,El Ghazi,MID,AVL,0,?,"El Ghazi (MID, ?)",0.0,0.0,0.0,2,0.0,0,0,0,,?
52,Keinan,Davis,FWD,AVL,0,?,"Davis (FWD, ?)",0.0,0.0,0.0,2,0.0,0,0,0,,?
55,Jaden,Philogene-Bidace,MID,AVL,0,?,"Philogene-Bidace (MID, ?)",0.0,0.0,0.0,2,0.0,0,0,0,,?
56,Frédéric,Guilbert,DEF,AVL,0,?,"Guilbert (DEF, ?)",0.0,0.0,0.0,2,0.0,0,0,0,,?
537,Kaine,Kesler Hayden,DEF,AVL,0,?,"Kesler Hayden (DEF, ?)",0.0,0.0,0.0,2,0.0,0,0,0,,?
638,Lamare,Bogarde,DEF,AVL,0,?,"Bogarde (DEF, ?)",0.0,0.0,0.0,2,0.0,0,0,0,,?
670,Filip,Marschall,GKP,AVL,0,?,"Marschall (GKP, ?)",0.0,0.0,0.0,2,0.0,0,0,0,,?
672,Kadan,Young,MID,AVL,0,?,"Kadan Young (MID, ?)",0.0,0.0,0.0,2,0.0,0,0,0,,?
707,Viljami,Sinisalo,GKP,AVL,0,?,"Sinisalo (GKP, ?)",0.0,0.0,0.0,2,0.0,0,0,0,,?
744,Sil,Swinkels,DEF,AVL,0,?,"Swinkels (DEF, ?)",0.0,0.0,0.0,2,0.0,0,0,0,,?
745,Oliwier,Zych,GKP,AVL,0,?,"Zych (GKP, ?)",0.0,0.0,0.0,2,0.0,0,0,0,,?
753,James,Wright,GKP,AVL,0,?,"Wright (GKP, ?)",0.0,0.0,0.0,2,0.0,0,0,0,,?
754,Sebastian,Revan,DEF,AVL,0,?,"Revan (DEF, ?)",0.0,0.0,0.0,2,0.0,0,0,0,,?
755,Travis,Patterson,MID,AVL,0,?,"Patterson (MID, ?)",0.0,0.0,0.0,2,0.0,0,0,0,,?
107,Solly,March,MID,BHA,139,~,"March (MID, ~)",4.8,5.0,4.867,3,14.601,5,1,1,0.06849,vv
124,Kaoru,Mitoma,MID,BHA,114,v,"Mitoma (MID, v)",4.8,4.5,4.7,3,14.1,2,1,3,0.21277,vv
125,Julio,Enciso,FWD,BHA,27,^,"Enciso (FWD, ^)",2.5,4.5,3.167,3,9.501,2,8,2,0.2105,vv
106,Lewis,Dunk,DEF,BHA,93,v,"Dunk (DEF, v)",3.2,4.2,3.533,3,10.599,1,6,5,0.47174,v
103,Danny,Welbeck,FWD,BHA,67,^,"Welbeck (FWD, ^)",2.9,3.5,3.1,3,9.3,1,15,2,0.21505,vv
104,Pascal,Groß,MID,BHA,121,~,"Groß (MID, ~)",4.2,3.2,3.867,3,11.601,0,14,0,0.0,vv
116,Alexis,Mac Allister,MID,BHA,107,v,"Mac Allister (MID, v)",4.1,3.2,3.8,3,11.4,2,1,11,0.96491,~
108,Adam,Webster,DEF,BHA,63,~,"Webster (DEF, ~)",2.7,3.0,2.8,3,8.4,0,6,5,0.59524,v
102,Jason,Steele,GKP,BHA,28,v,"Steele (GKP, v)",4.7,2.8,4.067,3,12.201,10,6,9,0.73764,~
586,Pervis,Estupiñán,DEF,BHA,89,~,"Estupiñán (DEF, ~)",3.4,2.5,3.1,3,9.3,1,9,7,0.75269,~
596,Evan,Ferguson,FWD,BHA,45,v,"Ferguson (FWD, v)",3.5,2.2,3.067,3,9.201,0,0,0,0.0,vv
120,Moisés,Caicedo Corozo,MID,BHA,63,~,"Caicedo (MID, ~)",2.2,2.2,2.2,3,6.6,2,1,2,0.30303,vv
109,Joël,Veltman,DEF,BHA,89,v,"Veltman (DEF, v)",3.3,2.0,2.867,3,8.601,0,5,0,0.0,vv
123,Deniz,Undav,FWD,BHA,17,v,"Undav (FWD, v)",1.3,1.2,1.267,3,3.801,1,12,1,0.26309,vv
559,Levi,Colwill,DEF,BHA,25,v,"Colwill (DEF, v)",2.5,0.8,1.933,3,5.799,1,0,0,0.0,vv
113,Robert,Sánchez,GKP,BHA,82,v,"Sánchez (GKP, v)",3.6,0.2,2.467,3,7.401,0,0,0,0.0,vv
679,Facundo,Buonanotte,MID,BHA,7,v,"Buonanotte (MID, v)",1.8,0.2,1.267,3,3.801,9,1,3,0.78927,~
544,Jan Paul,van Hecke,DEF,BHA,4,~,"Van Hecke (DEF, ~)",1.0,0.2,0.733,3,2.199,0,0,0,0.0,vv
719,Yasin,Ayari,MID,BHA,1,v,"Ayari (MID, v)",1.0,0.2,0.733,3,2.199,0,1,0,0.0,vv
101,Adam,Lallana,MID,BHA,47,v,"Lallana (MID, v)",2.9,0.0,1.933,3,5.799,0,0,0,0.0,vv
119,Jeremy,Sarmiento Morante,MID,BHA,16,v,"Sarmiento (MID, v)",1.8,0.0,1.2,3,3.6,0,0,0,0.0,vv
118,Enock,Mwepu,MID,BHA,11,v,"Mwepu (MID, v)",1.8,0.0,1.2,3,3.6,0,0,0,0.0,vv
114,Tariq,Lamptey,DEF,BHA,23,v,"Lamptey (DEF, v)",1.1,0.0,0.733,3,2.199,0,0,0,0.0,vv
149,Billy,Gilmour,MID,BHA,7,v,"Gilmour (MID, v)",1.0,0.0,0.667,3,2.001,0,3,3,1.49925,^
651,Andrew,Moran,MID,BHA,1,v,"Moran (MID, v)",1.0,0.0,0.667,3,2.001,0,0,0,0.0,vv
115,Steven,Alzate,MID,BHA,0,?,"Alzate (MID, ?)",0.0,0.0,0.0,3,0.0,0,0,0,,?
117,Jakub,Moder,MID,BHA,0,?,"Moder (MID, ?)",0.0,0.0,0.0,3,0.0,0,0,0,,?
121,Taylor,Richards,MID,BHA,0,?,"Richards (MID, ?)",0.0,0.0,0.0,3,0.0,0,0,0,,?
122,Haydon,Roberts,DEF,BHA,0,?,"Roberts (DEF, ?)",0.0,0.0,0.0,3,0.0,0,0,0,,?
126,Kacper,Kozłowski,MID,BHA,0,?,"Kozłowski (MID, ?)",0.0,0.0,0.0,3,0.0,0,0,0,,?
542,Kjell,Scherpen,GKP,BHA,0,?,"Scherpen (GKP, ?)",0.0,0.0,0.0,3,0.0,0,0,0,,?
543,Matt,Clarke,DEF,BHA,0,?,"Clarke (DEF, ?)",0.0,0.0,0.0,3,0.0,0,0,0,,?
640,Ed,Turns,DEF,BHA,0,?,"Turns (DEF, ?)",0.0,0.0,0.0,3,0.0,0,0,0,,?
652,James,Furlong,DEF,BHA,0,?,"Furlong (DEF, ?)",0.0,0.0,0.0,3,0.0,0,0,0,,?
677,Jack,Hinshelwood,MID,BHA,0,?,"Hinshelwood (MID, ?)",0.0,0.0,0.0,3,0.0,0,0,0,,?
736,Odeluga,Offiah,DEF,BHA,0,?,"Offiah (DEF, ?)",0.0,0.0,0.0,3,0.0,1,0,0,,^^^
756,Tom,McGill,GKP,BHA,0,?,"McGill (GKP, ?)",0.0,0.0,0.0,3,0.0,0,0,0,,?
66,Dominic,Solanke,FWD,BOU,110,^,"Solanke (FWD, ^)",4.1,6.0,4.733,2,9.466,5,8,13,1.37334,~
70,Philip,Billing,MID,BOU,113,v,"Billing (MID, v)",3.6,3.8,3.667,2,7.334,3,5,8,1.09081,~
574,Norberto,Murara Neto,GKP,BOU,77,~,"Neto (GKP, ~)",3.5,3.4,3.467,2,6.934,7,3,10,1.44217,^
535,Marcus,Tavernier,MID,BOU,83,v,"Tavernier (MID, v)",3.8,2.6,3.4,2,6.8,11,0,11,1.61765,^
705,Dango,Ouattara,MID,BOU,39,^,"Ouattara (MID, ^)",3.0,2.6,2.867,2,5.734,1,2,3,0.52319,v
69,Ryan,Christie,MID,BOU,49,~,"Christie (MID, ~)",1.9,2.2,2.0,2,4.0,3,2,5,1.25,~
73,Lloyd,Kelly,DEF,BOU,44,v,"Kelly (DEF, v)",2.6,2.0,2.4,2,4.8,8,2,10,2.08333,^^^
64,Jefferson,Lerma Solís,MID,BOU,77,~,"Lerma (MID, ~)",2.5,2.0,2.333,2,4.666,2,15,17,3.64338,^^^
57,Adam,Smith,DEF,BOU,67,v,"Smith (DEF, v)",2.2,2.0,2.133,2,4.266,1,1,2,0.46882,v
404,Jack,Stephens,DEF,BOU,35,v,"Stephens (DEF, v)",2.1,1.8,2.0,2,4.0,0,0,0,0.0,vv
71,Chris,Mepham,DEF,BOU,36,v,"Mepham (DEF, v)",1.5,1.8,1.6,2,3.2,6,0,6,1.875,^^
718,Matías,Viña,DEF,BOU,12,^,"Viña (DEF, ^)",2.0,1.6,1.867,2,3.734,5,2,7,1.87467,^^
576,Marcos,Senesi,DEF,BOU,59,v,"Senesi (DEF, v)",2.3,1.0,1.867,2,3.734,5,2,7,1.87467,^^
505,Joe,Rothwell,MID,BOU,25,~,"Rothwell (MID, ~)",1.6,1.0,1.4,2,2.8,3,2,5,1.78571,^^
75,Jaidon,Anthony,MID,BOU,52,v,"Anthony (MID, v)",2.1,0.6,1.6,2,3.2,0,4,4,1.25,~
723,Hamed,Traorè,MID,BOU,14,v,"H.Traorè (MID, v)",2.0,0.6,1.533,2,3.066,0,0,0,0.0,vv
714,Antoine,Semenyo,FWD,BOU,11,v,"Semenyo (FWD, v)",1.2,0.6,1.0,2,2.0,0,6,6,3.0,^^^
67,Lewis,Cook,MID,BOU,47,v,"Cook (MID, v)",2.0,0.4,1.467,2,2.934,0,1,1,0.34083,vv
60,David,Brooks,MID,BOU,2,v,"Brooks (MID, v)",1.0,0.2,0.733,2,1.466,0,0,0,0.0,vv
722,Illia,Zabarnyi,DEF,BOU,1,v,"Zabarnyi (DEF, v)",1.0,0.2,0.733,2,1.466,1,0,1,0.68213,~
76,Jordan,Zemura,DEF,BOU,47,v,"Zemura (DEF, v)",2.5,0.0,1.667,2,3.334,0,0,0,0.0,vv
62,Kieffer,Moore,FWD,BOU,52,v,"Moore (FWD, v)",2.4,0.0,1.6,2,3.2,1,1,2,0.625,~
72,Mark,Travers,GKP,BOU,25,v,"Travers (GKP, v)",2.3,0.0,1.533,2,3.066,0,0,0,0.0,vv
68,Ben,Pearson,MID,BOU,9,v,"Pearson (MID, v)",1.3,0.0,0.867,2,1.734,0,0,0,0.0,vv
59,Ryan,Fredericks,DEF,BOU,12,v,"Fredericks (DEF, v)",1.0,0.0,0.667,2,1.334,0,0,0,0.0,vv
74,Siriki,Dembélé,MID,BOU,6,v,"Dembélé (MID, v)",1.0,0.0,0.667,2,1.334,0,0,0,0.0,vv
58,Junior,Stanislas,MID,BOU,4,v,"Stanislas (MID, v)",1.0,0.0,0.667,2,1.334,0,0,0,0.0,vv
61,Jamal,Lowe,MID,BOU,2,v,"Lowe (MID, v)",1.0,0.0,0.667,2,1.334,0,0,0,0.0,vv
63,Emiliano,Marcondes,MID,BOU,1,v,"Marcondes (MID, v)",1.0,0.0,0.667,2,1.334,0,0,0,0.0,vv
598,Owen,Bevan,DEF,BOU,1,v,"Bevan (DEF, v)",1.0,0.0,0.667,2,1.334,0,0,0,0.0,vv
65,Jack,Stacey,DEF,BOU,5,v,"Stacey (DEF, v)",0.6,0.0,0.4,2,0.8,0,1,1,1.25,~
77,Will,Dennis,GKP,BOU,0,?,"Dennis (GKP, ?)",0.0,0.0,0.0,2,0.0,0,0,0,,?
539,James,Hill,DEF,BOU,0,?,"Hill (DEF, ?)",0.0,0.0,0.0,2,0.0,0,0,0,,?
571,Darren,Randolph,GKP,BOU,0,?,"Randolph (GKP, ?)",0.0,0.0,0.0,2,0.0,0,0,0,,?
597,Christian,Saydee,FWD,BOU,0,?,"Saydee (FWD, ?)",0.0,0.0,0.0,2,0.0,0,0,0,,?
649,Cameron,Plain,GKP,BOU,0,?,"Plain (GKP, ?)",0.0,0.0,0.0,2,0.0,0,0,0,,?
695,Daniel,Adu-Adjei,FWD,BOU,0,?,"Adu-Adjei (FWD, ?)",0.0,0.0,0.0,2,0.0,0,0,0,,?
696,Michael,Dacosta Gonzalez,MID,BOU,0,?,"Dacosta Gonzalez (MID, ?)",0.0,0.0,0.0,2,0.0,0,0,0,,?
697,Dominic,Sadi,FWD,BOU,0,?,"Sadi (FWD, ?)",0.0,0.0,0.0,2,0.0,0,0,0,,?
706,Euan,Pollock,FWD,BOU,0,?,"Pollock (FWD, ?)",0.0,0.0,0.0,2,0.0,0,0,0,,?
737,Ben,Greenwood,DEF,BOU,0,?,"Greenwood (DEF, ?)",0.0,0.0,0.0,2,0.0,0,0,0,,?
738,Max,Kinsey-Wellings,DEF,BOU,0,?,"Kinsey-Wellings (DEF, ?)",0.0,0.0,0.0,2,0.0,0,0,0,,?
80,Ivan,Toney,FWD,BRE,171,~,"Toney (FWD, ~)",5.7,5.2,5.533,2,11.066,2,7,9,0.8133,~
95,Bryan,Mbeumo,FWD,BRE,111,~,"Mbeumo (FWD, ~)",3.5,4.2,3.733,2,7.466,6,2,8,1.07152,~
81,David,Raya Martin,GKP,BRE,135,~,"Raya (GKP, ~)",4.2,3.0,3.8,2,7.6,9,2,11,1.44737,^
92,Ethan,Pinnock,DEF,BRE,78,v,"Pinnock (DEF, v)",3.2,2.6,3.0,2,6.0,6,2,8,1.33333,~
88,Mathias,Jensen,MID,BRE,118,v,"Jensen (MID, v)",3.7,2.4,3.267,2,6.534,2,2,4,0.61218,v
85,Rico,Henry,DEF,BRE,92,v,"Henry (DEF, v)",3.0,2.2,2.733,2,5.466,5,0,5,0.91475,~
78,Pontus,Jansson,DEF,BRE,29,v,"Jansson (DEF, v)",2.4,2.0,2.267,2,4.534,0,0,0,0.0,vv
526,Ben,Mee,DEF,BRE,114,v,"Mee (DEF, v)",3.7,1.4,2.933,2,5.866,6,2,8,1.36379,~
79,Christian,Nørgaard,MID,BRE,71,v,"Nørgaard (MID, v)",3.2,1.4,2.6,2,5.2,0,0,0,0.0,vv
83,Josh,Dasilva,MID,BRE,68,~,"Dasilva (MID, ~)",2.2,1.4,1.933,2,3.866,0,9,9,2.32799,^^^
688,Kevin,Schade,MID,BRE,19,~,"Schade (MID, ~)",1.6,1.4,1.533,2,3.066,1,2,3,0.97847,~
89,Yoane,Wissa,MID,BRE,84,v,"Wissa (MID, v)",2.6,1.0,2.067,2,4.134,3,1,4,0.96759,~
510,Aaron,Hickey,DEF,BRE,42,~,"Hickey (DEF, ~)",2.1,1.0,1.733,2,3.466,1,2,3,0.86555,~
580,Mikkel,Damsgaard,MID,BRE,24,~,"Damsgaard (MID, ~)",1.2,1.0,1.133,2,2.266,1,1,2,0.88261,~
86,Vitaly,Janelt,MID,BRE,71,~,"Janelt (MID, ~)",2.4,0.8,1.867,2,3.734,3,2,5,1.33905,~
94,Shandon,Baptiste,MID,BRE,20,~,"Baptiste (MID, ~)",1.2,0.6,1.0,2,2.0,4,1,5,2.5,^^^
90,Mads,Roerslev Rasmussen,DEF,BRE,39,v,"Roerslev (DEF, v)",2.4,0.4,1.733,2,3.466,6,0,6,1.7311,^^
87,Saman,Ghoddos,MID,BRE,12,~,"Ghoddos (MID, ~)",1.0,0.4,0.8,2,1.6,0,1,1,0.625,~
595,Mathias,Jorgensen,DEF,BRE,24,v,"Zanka (DEF, v)",1.7,0.2,1.2,2,2.4,12,0,12,5.0,^^^
93,Frank,Onyeka,MID,BRE,21,v,"Onyeka (MID, v)",1.4,0.2,1.0,2,2.0,3,7,10,5.0,^^^
541,Halil,Dervişoğlu,FWD,BRE,4,v,"Dervişoğlu (FWD, v)",4.0,0.0,2.667,2,5.334,0,0,0,0.0,vv
84,Kristoffer,Ajer,DEF,BRE,29,v,"Ajer (DEF, v)",3.2,0.0,2.133,2,4.266,0,0,0,0.0,vv
515,Keane,Lewis-Potter,MID,BRE,14,v,"Lewis-Potter (MID, v)",1.4,0.0,0.933,2,1.866,0,0,0,0.0,vv
82,Sergi,Canós Tenés,DEF,BRE,5,v,"Canós (DEF, v)",1.0,0.0,0.667,2,1.334,0,0,0,0.0,vv
91,Mads,Bech Sørensen,DEF,BRE,4,v,"Bech (DEF, v)",1.0,0.0,0.667,2,1.334,0,0,0,0.0,vv
96,Charlie,Goode,DEF,BRE,0,?,"Goode (DEF, ?)",0.0,0.0,0.0,2,0.0,0,0,0,,?
97,Marcus,Forss,FWD,BRE,0,?,"Forss (FWD, ?)",0.0,0.0,0.0,2,0.0,0,0,0,,?
98,Dominic,Thompson,DEF,BRE,0,?,"Thompson (DEF, ?)",0.0,0.0,0.0,2,0.0,0,0,0,,?
99,Mads,Bidstrup,MID,BRE,0,?,"Bidstrup (MID, ?)",0.0,0.0,0.0,2,0.0,0,0,0,,?
100,Ellery,Balcombe,GKP,BRE,0,?,"Balcombe (GKP, ?)",0.0,0.0,0.0,2,0.0,0,0,0,,?
517,Thomas,Strakosha,GKP,BRE,0,?,"Strakosha (GKP, ?)",0.0,0.0,0.0,2,0.0,0,0,0,,?
540,Fin,Stevens,DEF,BRE,0,?,"Stevens (DEF, ?)",0.0,0.0,0.0,2,0.0,0,0,0,,?
632,Ryan,Trevitt,MID,BRE,0,?,"Trevitt (MID, ?)",0.0,0.0,0.0,2,0.0,0,0,0,,?
633,Matthew,Cox,GKP,BRE,0,?,"Cox (GKP, ?)",0.0,0.0,0.0,2,0.0,0,0,0,,?
646,Tristan,Crama,DEF,BRE,0,?,"Crama (DEF, ?)",0.0,0.0,0.0,2,0.0,0,0,0,,?
650,Yegor,Yarmolyuk,MID,BRE,0,?,"Yarmolyuk (MID, ?)",0.0,0.0,0.0,2,0.0,0,0,0,,?
752,Michael,Olakigbe,MID,BRE,0,?,"Olakigbe (MID, ?)",0.0,0.0,0.0,2,0.0,0,0,0,,?
133,Kepa,Arrizabalaga,GKP,CHE,105,~,"Arrizabalaga (GKP, ~)",4.6,4.2,4.467,2,8.934,1,3,4,0.44773,v
520,Kalidou,Koulibaly,DEF,CHE,73,v,"Koulibaly (DEF, v)",3.3,2.8,3.133,2,6.266,0,0,0,0.0,vv
148,Conor,Gallagher,MID,CHE,48,^,"Gallagher (MID, ^)",1.7,2.8,2.067,2,4.134,1,0,1,0.2419,vv
139,Ben,Chilwell,DEF,CHE,66,v,"Chilwell (DEF, v)",3.3,2.5,3.033,2,6.066,1,1,2,0.32971,vv
146,Reece,James,DEF,CHE,44,v,"James (DEF, v)",2.8,2.5,2.7,2,5.4,0,0,0,0.0,vv
272,Wesley,Fofana,DEF,CHE,33,v,"W.Fofana (DEF, v)",2.8,2.5,2.7,2,5.4,0,1,1,0.18519,vv
112,Marc,Cucurella Saseta,DEF,CHE,65,v,"Cucurella (DEF, v)",2.7,2.0,2.467,2,4.934,0,0,0,0.0,vv
699,Mykhailo,Mudryk,MID,CHE,19,^,"Mudryk (MID, ^)",1.9,2.0,1.933,2,3.866,1,1,2,0.51733,v
724,Enzo,Fernández,MID,CHE,30,v,"Enzo (MID, v)",2.7,1.8,2.4,2,4.8,2,2,4,0.83333,~
690,João,Félix Sequeira,FWD,CHE,29,v,"João Félix (FWD, v)",2.6,1.8,2.333,2,4.666,1,0,1,0.21432,vv
145,Kai,Havertz,FWD,CHE,94,v,"Havertz (FWD, v)",3.2,1.5,2.633,2,5.266,0,1,1,0.1899,vv
132,Mateo,Kovacic,MID,CHE,45,v,"Kovacic (MID, v)",2.0,1.2,1.733,2,3.466,2,4,6,1.7311,^^
134,N'Golo,Kanté,MID,CHE,9,v,"Kanté (MID, v)",2.2,1.0,1.8,2,3.6,2,2,4,1.11111,~
304,Raheem,Sterling,MID,CHE,71,v,"Sterling (MID, v)",3.2,0.8,2.4,2,4.8,2,2,4,0.83333,~
140,Christian,Pulisic,MID,CHE,36,~,"Pulisic (MID, ~)",1.7,0.8,1.4,2,2.8,0,0,0,0.0,vv
616,Denis,Zakaria,MID,CHE,13,^,"Zakaria (MID, ^)",1.9,0.5,1.433,2,2.866,0,0,0,0.0,vv
689,Benoît,Badiashile,DEF,CHE,32,v,"Badiashile (DEF, v)",3.6,0.2,2.467,2,4.934,0,0,0,0.0,vv
142,Mason,Mount,MID,CHE,82,v,"Mount (MID, v)",3.4,0.2,2.333,2,4.666,0,0,0,0.0,vv
141,Trevoh,Chalobah,DEF,CHE,40,v,"Chalobah (DEF, v)",2.2,0.2,1.533,2,3.066,1,1,2,0.65232,~
136,Ruben,Loftus-Cheek,MID,CHE,37,v,"Loftus-Cheek (MID, v)",1.9,0.2,1.333,2,2.666,0,0,0,0.0,vv
617,Pierre-Emerick,Aubameyang,FWD,CHE,23,v,"Aubameyang (FWD, v)",1.8,0.2,1.267,2,2.534,1,1,2,0.78927,~
135,Hakim,Ziyech,MID,CHE,23,~,"Ziyech (MID, ~)",1.6,0.2,1.133,2,2.266,0,1,1,0.44131,v
708,Noni,Madueke,MID,CHE,7,v,"Madueke (MID, v)",1.4,0.2,1.0,2,2.0,1,8,9,4.5,^^^
128,Thiago,Emiliano da Silva,DEF,CHE,72,v,"Thiago Silva (DEF, v)",3.4,0.0,2.267,2,4.534,1,1,2,0.44111,v
147,Edouard,Mendy,GKP,CHE,23,v,"Mendy (GKP, v)",2.6,0.0,1.733,2,3.466,0,0,0,0.0,vv
127,César,Azpilicueta,DEF,CHE,40,v,"Azpilicueta (DEF, v)",2.1,0.0,1.4,2,2.8,-1,1,0,0.0,vv
150,Armando,Broja,FWD,CHE,21,v,"Broja (FWD, v)",1.8,0.0,1.2,2,2.4,0,0,0,0.0,vv
661,Lewis,Hall,MID,CHE,8,v,"Hall (MID, v)",1.6,0.0,1.067,2,2.134,0,0,0,0.0,vv
48,Carney,Chukwuemeka,MID,CHE,14,v,"Chukwuemeka (MID, v)",1.3,0.0,0.867,2,1.734,0,0,0,0.0,vv
684,David Datro,Fofana,FWD,CHE,2,v,"D.D.Fofana (FWD, v)",1.0,0.0,0.667,2,1.334,0,0,0,0.0,vv
653,Omari,Hutchinson,MID,CHE,1,v,"Hutchinson (MID, v)",1.0,0.0,0.667,2,1.334,0,0,0,0.0,vv
129,Marcos,Alonso,DEF,CHE,0,?,"Alonso (DEF, ?)",0.0,0.0,0.0,2,0.0,0,0,0,,?
131,Ross,Barkley,MID,CHE,0,?,"Barkley (MID, ?)",0.0,0.0,0.0,2,0.0,0,0,0,,?
137,Timo,Werner,FWD,CHE,0,?,"Werner (FWD, ?)",0.0,0.0,0.0,2,0.0,0,0,0,,?
138,Robert Kenedy,Nunes do Nascimento,DEF,CHE,0,?,"Kenedy (DEF, ?)",0.0,0.0,0.0,2,0.0,0,0,0,,?
143,Malang,Sarr,DEF,CHE,0,?,"Sarr (DEF, ?)",0.0,0.0,0.0,2,0.0,0,0,0,,?
144,Callum,Hudson-Odoi,MID,CHE,0,?,"Hudson-Odoi (MID, ?)",0.0,0.0,0.0,2,0.0,0,0,0,,?
151,Ethan,Ampadu,DEF,CHE,0,?,"Ampadu (DEF, ?)",0.0,0.0,0.0,2,0.0,0,0,0,,?
606,Harvey,Vale,MID,CHE,0,?,"Vale (MID, ?)",0.0,0.0,0.0,2,0.0,0,0,0,,?
635,Marcus,Bettinelli,GKP,CHE,0,?,"Bettinelli (GKP, ?)",0.0,0.0,0.0,2,0.0,0,0,0,,?
673,Bashir,Humphreys,DEF,CHE,0,?,"Humphreys (DEF, ?)",0.0,0.0,0.0,2,0.0,0,0,0,,?
702,Andrey,Nascimento dos Santos,MID,CHE,0,?,"Andrey Santos (MID, ?)",0.0,0.0,0.0,2,0.0,0,0,0,,?
169,Eberechi,Eze,MID,CRY,123,^,"Eze (MID, ^)",3.8,7.8,5.133,2,10.266,2,9,11,1.0715,~
159,Jordan,Ayew,MID,CRY,85,~,"J.Ayew (MID, ~)",2.7,6.0,3.8,2,7.6,2,6,8,1.05263,~
175,Sam,Johnstone,GKP,CRY,23,^,"Johnstone (GKP, ^)",7.7,5.8,7.067,2,14.134,0,1,1,0.07075,vv
171,Michael,Olise,MID,CRY,109,~,"Olise (MID, ~)",3.5,5.5,4.167,2,8.334,2,5,7,0.83993,~
167,Marc,Guéhi,DEF,CRY,82,^,"Guéhi (DEF, ^)",2.6,5.5,3.567,2,7.134,1,1,2,0.28035,vv
156,Joel,Ward,DEF,CRY,59,^,"Ward (DEF, ^)",2.7,4.0,3.133,2,6.266,1,1,2,0.31918,vv
165,Joachim,Andersen,DEF,CRY,70,^,"Andersen (DEF, ^)",2.7,3.8,3.067,2,6.134,-1,1,0,0.0,vv
170,Tyrick,Mitchell,DEF,CRY,78,^,"Mitchell (DEF, ^)",2.6,3.8,3.0,2,6.0,1,1,2,0.33333,vv
161,Jeffrey,Schlupp,MID,CRY,80,~,"Schlupp (MID, ~)",2.6,3.2,2.8,2,5.6,0,8,8,1.42857,^
514,Cheick,Doucouré,MID,CRY,63,^,"C.Doucouré (MID, ^)",2.2,3.2,2.533,2,5.066,0,2,2,0.39479,v
166,Odsonne,Edouard,FWD,CRY,68,~,"Edouard (FWD, ~)",2.3,3.0,2.533,2,5.066,1,1,2,0.39479,v
168,Jean-Philippe,Mateta,FWD,CRY,38,v,"Mateta (FWD, v)",1.5,2.5,1.833,2,3.666,1,0,1,0.27278,vv
163,Will,Hughes,MID,CRY,23,~,"Hughes (MID, ~)",1.0,1.8,1.267,2,2.534,2,0,2,0.78927,~
158,Luka,Milivojevic,MID,CRY,21,~,"Milivojevic (MID, ~)",1.3,0.8,1.133,2,2.266,1,1,2,0.88261,~
152,Vicente,Guaita,GKP,CRY,99,v,"Guaita (GKP, v)",3.7,0.5,2.633,2,5.266,0,0,0,0.0,vv
160,Wilfried,Zaha,MID,CRY,86,v,"Zaha (MID, v)",3.6,0.2,2.467,2,4.934,0,7,7,1.41873,^
157,Nathaniel,Clyne,DEF,CRY,44,v,"Clyne (DEF, v)",2.0,0.2,1.4,2,2.8,0,0,0,0.0,vv
18,Albert,Sambi Lokonga,MID,CRY,22,v,"Sambi (MID, v)",1.6,0.2,1.133,2,2.266,1,0,1,0.44131,v
153,James,Tomkins,DEF,CRY,8,v,"Tomkins (DEF, v)",1.3,0.2,0.933,2,1.866,0,0,0,0.0,vv
154,James,McArthur,MID,CRY,2,v,"McArthur (MID, v)",1.0,0.2,0.733,2,1.466,0,0,0,0.0,vv
530,Chris,Richards,DEF,CRY,12,v,"Richards (DEF, v)",1.5,0.0,1.0,2,2.0,1,0,1,0.5,v
590,Joseph,Whitworth,GKP,CRY,3,v,"Whitworth (GKP, v)",1.5,0.0,1.0,2,2.0,0,0,0,0.0,vv
164,Jairo,Riedewald,MID,CRY,4,v,"Riedewald (MID, v)",1.0,0.0,0.667,2,1.334,0,0,0,0.0,vv
173,Malcolm,Ebiowei,MID,CRY,3,v,"Ebiowei (MID, v)",1.0,0.0,0.667,2,1.334,0,0,0,0.0,vv
676,David,Ozoh,MID,CRY,1,v,"Ozoh (MID, v)",1.0,0.0,0.667,2,1.334,0,0,0,0.0,vv
725,Naouirou,Ahamada,MID,CRY,6,v,"Ahamada (MID, v)",0.9,0.0,0.6,2,1.2,0,0,0,0.0,vv
155,Christian,Benteke,FWD,CRY,0,?,"Benteke (FWD, ?)",0.0,0.0,0.0,2,0.0,0,0,0,,?
172,Jesurun,Rak-Sakyi,MID,CRY,0,?,"Rak-Sakyi (MID, ?)",0.0,0.0,0.0,2,0.0,0,0,0,,?
174,Nathan,Ferguson,DEF,CRY,0,?,"Ferguson (DEF, ?)",0.0,0.0,0.0,2,0.0,0,0,0,,?
495,Remi,Matthews,GKP,CRY,0,?,"Matthews (GKP, ?)",0.0,0.0,0.0,2,0.0,0,0,0,,?
496,Luke,Plange,FWD,CRY,0,?,"Plange (FWD, ?)",0.0,0.0,0.0,2,0.0,0,0,0,,?
601,Kaden,Rodney,MID,CRY,0,?,"Rodney (MID, ?)",0.0,0.0,0.0,2,0.0,0,0,0,,?
604,Killian,Phillips,MID,CRY,0,?,"Phillips (MID, ?)",0.0,0.0,0.0,2,0.0,0,0,0,,?
634,John-Kymani,Gordon,FWD,CRY,0,?,"Gordon (FWD, ?)",0.0,0.0,0.0,2,0.0,0,0,0,,?
642,Kofi,Balmer,DEF,CRY,0,?,"Balmer (DEF, ?)",0.0,0.0,0.0,2,0.0,0,0,0,,?
644,Owen,Goodman,GKP,CRY,0,?,"Goodman (GKP, ?)",0.0,0.0,0.0,2,0.0,0,0,0,,?
654,Jack,Wells-Morrison,MID,CRY,0,?,"Wells-Morrison (MID, ?)",0.0,0.0,0.0,2,0.0,0,0,0,,?
180,Michael,Keane,DEF,EVE,31,~,"Keane (DEF, ~)",3.4,4.5,3.767,2,7.534,0,1,1,0.13273,vv
534,Dwight,McNeil,MID,EVE,88,^,"McNeil (MID, ^)",2.9,4.2,3.333,2,6.666,8,2,10,1.50015,^
182,Jordan,Pickford,GKP,EVE,101,~,"Pickford (GKP, ~)",3.3,3.5,3.367,2,6.734,1,10,11,1.6335,^^
199,James,Tarkowski,DEF,EVE,92,~,"Tarkowski (DEF, ~)",2.9,2.5,2.767,2,5.534,0,1,1,0.1807,vv
194,Vitalii,Mykolenko,DEF,EVE,72,^,"Mykolenko (DEF, ^)",2.3,2.5,2.367,2,4.734,0,1,1,0.21124,vv
570,James,Garner,MID,EVE,15,^,"Garner (MID, ^)",1.5,2.5,1.833,2,3.666,1,2,3,0.81833,~
186,Alex,Iwobi,MID,EVE,102,~,"Iwobi (MID, ~)",3.2,2.2,2.867,2,5.734,2,10,12,2.09278,^^^
189,Demarai,Gray,MID,EVE,86,~,"Gray (MID, ~)",2.9,2.0,2.6,2,5.2,0,0,0,0.0,vv
611,Idrissa,Gueye,MID,EVE,56,~,"Gueye (MID, ~)",2.1,1.8,2.0,2,4.0,2,1,3,0.75,~
193,Ben,Godfrey,DEF,EVE,18,v,"Godfrey (DEF, v)",1.5,1.8,1.6,2,3.2,0,0,0,0.0,vv
110,Neal,Maupay,FWD,EVE,38,~,"Maupay (FWD, ~)",1.7,1.0,1.467,2,2.934,0,0,0,0.0,vv
686,Ellis,Simms,FWD,EVE,15,v,"Simms (FWD, v)",1.7,1.0,1.467,2,2.934,1,0,1,0.34083,vv
178,Seamus,Coleman,DEF,EVE,63,v,"Coleman (DEF, v)",2.9,0.8,2.2,2,4.4,0,0,0,0.0,vv
192,Mason,Holgate,DEF,EVE,15,~,"Holgate (DEF, ~)",2.5,0.8,1.933,2,3.866,0,0,0,0.0,vv
577,Amadou,Onana,MID,EVE,67,v,"Onana (MID, v)",2.4,0.8,1.867,2,3.734,1,0,1,0.26781,vv
190,Tom,Davies,MID,EVE,19,v,"Davies (MID, v)",1.0,0.8,0.933,2,1.866,0,0,0,0.0,vv
197,Nathan,Patterson,DEF,EVE,26,v,"Patterson (DEF, v)",1.7,0.5,1.3,2,2.6,0,1,1,0.38462,v
191,Dominic,Calvert-Lewin,FWD,EVE,26,v,"Calvert-Lewin (FWD, v)",2.2,0.2,1.533,2,3.066,2,6,8,2.60926,^^^
176,Asmir,Begović,GKP,EVE,9,v,"Begović (GKP, v)",9.0,0.0,6.0,2,12.0,0,0,0,0.0,vv
188,Yerry,Mina,DEF,EVE,13,v,"Mina (DEF, v)",4.3,0.0,2.867,2,5.734,0,0,0,0.0,vv
475,Conor,Coady,DEF,EVE,70,v,"Coady (DEF, v)",3.2,0.0,2.133,2,4.266,0,0,0,0.0,vv
177,Salomón,Rondón,FWD,EVE,7,v,"Rondón (FWD, v)",1.0,0.0,0.667,2,1.334,0,0,0,0.0,vv
181,Dele,Alli,MID,EVE,2,v,"Dele (MID, v)",1.0,0.0,0.667,2,1.334,0,0,0,0.0,vv
531,Rúben,Nascimento Vinagre,DEF,EVE,2,v,"Vinagre (DEF, v)",1.0,0.0,0.667,2,1.334,0,0,0,0.0,vv
662,Thomas,Cannon,FWD,EVE,2,v,"Cannon (FWD, v)",1.0,0.0,0.667,2,1.334,0,0,0,0.0,vv
179,Andros,Townsend,MID,EVE,0,?,"Townsend (MID, ?)",0.0,0.0,0.0,2,0.0,0,0,0,,?
183,Allan,Marques Loureiro,MID,EVE,0,?,"Allan (MID, ?)",0.0,0.0,0.0,2,0.0,0,0,0,,?
184,André,Tavares Gomes,MID,EVE,0,?,"André Gomes (MID, ?)",0.0,0.0,0.0,2,0.0,0,0,0,,?
187,Jean-Philippe,Gbamin,MID,EVE,0,?,"Gbamin (MID, ?)",0.0,0.0,0.0,2,0.0,0,0,0,,?
196,Jarrad,Branthwaite,DEF,EVE,0,?,"Branthwaite (DEF, ?)",0.0,0.0,0.0,2,0.0,0,0,0,,?
198,Niels,Nkounkou,DEF,EVE,0,?,"Nkounkou (DEF, ?)",0.0,0.0,0.0,2,0.0,0,0,0,,?
560,Stanley,Mills,MID,EVE,0,?,"Mills (MID, ?)",0.0,0.0,0.0,2,0.0,0,0,0,,?
561,Lewis,Warrington,MID,EVE,0,?,"Warrington (MID, ?)",0.0,0.0,0.0,2,0.0,0,0,0,,?
605,Reece,Welch,DEF,EVE,0,?,"Welch (DEF, ?)",0.0,0.0,0.0,2,0.0,0,0,0,,?
627,Eldin,Jakupovic,GKP,EVE,0,?,"Jakupović (GKP, ?)",0.0,0.0,0.0,2,0.0,0,0,0,,?
637,Kyle,John,DEF,EVE,0,?,"John (DEF, ?)",0.0,0.0,0.0,2,0.0,0,0,0,,?
678,Isaac,Price,MID,EVE,0,?,"Price (MID, ?)",0.0,0.0,0.0,2,0.0,0,0,0,,?
757,Ishé,Samuels-Smith,DEF,EVE,0,?,"Samuels-Smith (DEF, ?)",0.0,0.0,0.0,2,0.0,0,0,0,,?
760,Andy,Lonergan,GKP,EVE,0,?,"Lonergan (GKP, ?)",0.0,0.0,0.0,2,0.0,0,0,0,,?
185,Abdoulaye,Doucouré,MID,EVE,44,v,"A.Doucouré (MID, v)",2.3,-0.5,1.367,2,2.734,2,2,4,1.46306,^
346,Andreas,Hoelgebaum Pereira,MID,FUL,120,~,"Andreas (MID, ~)",3.9,5.0,4.267,3,12.801,2,1,0,0.0,vv
212,Harry,Wilson,MID,FUL,42,^,"Wilson (MID, ^)",1.9,4.5,2.767,3,8.301,1,5,2,0.24093,vv
211,Harrison,Reed,MID,FUL,88,^,"Reed (MID, ^)",2.9,4.0,3.267,3,9.801,2,2,1,0.10203,vv
231,Daniel,James,MID,FUL,40,^,"James (MID, ^)",2.0,3.5,2.5,3,7.5,2,1,1,0.13333,vv
614,Willian,Borges da Silva,MID,FUL,85,^,"Willian (MID, ^)",3.9,3.0,3.6,3,10.8,0,0,2,0.18519,vv
2,Bernd,Leno,GKP,FUL,113,~,"Leno (GKP, ~)",3.9,2.5,3.433,3,10.299,2,3,2,0.19419,vv
201,Tim,Ream,DEF,FUL,95,~,"Ream (DEF, ~)",3.1,1.8,2.667,3,8.001,2,1,0,0.0,vv
205,Bobby,De Cordova-Reid,MID,FUL,83,v,"De Cordova-Reid (MID, v)",2.8,1.5,2.367,3,7.101,1,2,1,0.14083,vv
217,Antonee,Robinson,DEF,FUL,77,~,"Robinson (DEF, ~)",2.8,1.5,2.367,3,7.101,2,1,2,0.28165,vv
215,Kenny,Tete,DEF,FUL,69,~,"Tete (DEF, ~)",2.8,1.2,2.267,3,6.801,2,0,0,0.0,vv
220,João,Palhinha Gonçalves,MID,FUL,71,v,"Palhinha (MID, v)",2.5,1.2,2.067,3,6.201,1,2,2,0.32253,vv
209,Tosin,Adarabioyo,DEF,FUL,36,~,"Tosin (DEF, ~)",2.0,1.2,1.733,3,5.199,2,1,2,0.38469,v
618,Carlos Vinícius,Alves Morais,FWD,FUL,42,v,"Vinícius (FWD, v)",1.9,1.2,1.667,3,5.001,1,8,2,0.39992,v
562,Manor,Solomon,MID,FUL,36,v,"Solomon (MID, v)",3.0,1.0,2.333,3,6.999,2,1,1,0.14288,vv
1,Cédric,Alves Soares,DEF,FUL,7,v,"Cédric (DEF, v)",1.2,0.8,1.067,3,3.201,1,0,2,0.6248,~
200,Tom,Cairney,MID,FUL,28,~,"Cairney (MID, ~)",1.1,0.8,1.0,3,3.0,1,1,2,0.66667,~
726,Sasa,Lukic,MID,FUL,8,~,"Lukic (MID, ~)",1.1,0.8,1.0,3,3.0,0,1,2,0.66667,~
470,Issa,Diop,DEF,FUL,63,v,"Diop (DEF, v)",3.3,0.2,2.267,3,6.801,0,2,2,0.29407,vv
204,Neeskens,Kebano,MID,FUL,36,v,"Kebano (MID, v)",2.8,0.2,1.933,3,5.799,1,0,1,0.17244,vv
210,Aleksandar,Mitrović,FWD,FUL,90,v,"Mitrović (FWD, v)",4.3,0.0,2.867,3,8.601,0,0,0,0.0,vv
213,Marek,Rodák,GKP,FUL,7,v,"Rodák (GKP, v)",3.5,0.0,2.333,3,6.999,0,0,0,0.0,vv
219,Jay,Stansfield,FWD,FUL,7,v,"Stansfield (FWD, v)",2.3,0.0,1.533,3,4.599,0,0,0,0.0,vv
532,Kevin,Mbabu,DEF,FUL,7,v,"Mbabu (DEF, v)",1.2,0.0,0.8,3,2.4,0,0,0,0.0,vv
105,Shane,Duffy,DEF,FUL,4,v,"Duffy (DEF, v)",1.0,0.0,0.667,3,2.001,0,0,0,0.0,vv
546,Luke,Harris,MID,FUL,3,v,"Harris (MID, v)",1.0,0.0,0.667,3,2.001,0,0,0,0.0,vv
216,Josh,Onomah,MID,FUL,2,v,"Onomah (MID, v)",1.0,0.0,0.667,3,2.001,0,0,0,0.0,vv
521,Tyrese,Francois,MID,FUL,1,v,"Francois (MID, v)",1.0,0.0,0.667,3,2.001,0,0,0,0.0,vv
613,Layvin,Kurzawa,DEF,FUL,2,v,"Kurzawa (DEF, v)",0.7,0.0,0.467,3,1.401,0,0,0,0.0,vv
203,Nathaniel,Chalobah,MID,FUL,1,v,"Chalobah (MID, v)",0.2,0.0,0.133,3,0.399,0,0,0,0.0,vv
202,Anthony,Knockaert,MID,FUL,0,?,"Knockaert (MID, ?)",0.0,0.0,0.0,3,0.0,0,0,0,,?
206,Joe,Bryan,DEF,FUL,0,?,"Bryan (DEF, ?)",0.0,0.0,0.0,3,0.0,0,0,0,,?
207,Paulo,Gazzaniga Farias,GKP,FUL,0,?,"Gazzaniga (GKP, ?)",0.0,0.0,0.0,3,0.0,0,0,0,,?
208,Terence,Kongolo,DEF,FUL,0,?,"Kongolo (DEF, ?)",0.0,0.0,0.0,3,0.0,0,0,0,,?
214,Ivan,Neves Abreu Cavaleiro,MID,FUL,0,?,"Cavaleiro (MID, ?)",0.0,0.0,0.0,3,0.0,0,0,0,,?
218,Rodrigo,Muniz Carvalho,FWD,FUL,0,?,"Muniz (FWD, ?)",0.0,0.0,0.0,3,0.0,0,0,0,,?
591,Terry,Ablade,FWD,FUL,0,?,"Ablade (FWD, ?)",0.0,0.0,0.0,3,0.0,0,0,0,,?
636,Stefan,Parkes,DEF,FUL,0,?,"Parkes (DEF, ?)",0.0,0.0,0.0,3,0.0,0,0,0,,?
641,Martial,Godo,MID,FUL,0,?,"Godo (MID, ?)",0.0,0.0,0.0,3,0.0,0,0,0,,?
667,Kristian,Sekularac,MID,FUL,0,?,"Sekularac (MID, ?)",0.0,0.0,0.0,3,0.0,0,0,0,,?
747,George,Wickens,GKP,FUL,0,?,"Wickens (GKP, ?)",0.0,0.0,0.0,3,0.0,0,0,0,,?
750,Charlie,Robinson,DEF,FUL,0,?,"C.Robinson (DEF, ?)",0.0,0.0,0.0,3,0.0,0,0,0,,?
508,Luis,Sinisterra Lucumí,MID,LEE,47,~,"Sinisterra (MID, ~)",2.6,4.2,3.133,2,6.266,6,0,6,0.95755,~
233,Jack,Harrison,MID,LEE,110,v,"Harrison (MID, v)",3.7,3.2,3.533,2,7.066,8,2,10,1.41523,^
245,Marc,Roca Junqué,MID,LEE,62,v,"Roca (MID, v)",2.2,2.8,2.4,2,4.8,1,2,3,0.625,~
246,Brenden,Aaronson,MID,LEE,78,~,"Aaronson (MID, ~)",2.5,2.4,2.467,2,4.934,1,0,1,0.20268,vv
227,Patrick,Bamford,FWD,LEE,57,~,"Bamford (FWD, ~)",2.5,2.4,2.467,2,4.934,2,6,8,1.6214,^^
225,Rodrigo,Moreno,MID,LEE,106,v,"Rodrigo (MID, v)",4.2,1.4,3.267,2,6.534,2,1,3,0.45914,v
244,Rasmus,Kristensen,DEF,LEE,42,v,"Kristensen (DEF, v)",2.0,1.4,1.8,2,3.6,0,0,0,0.0,vv
720,Weston,McKennie,MID,LEE,18,~,"McKennie (MID, ~)",1.4,1.4,1.4,2,2.8,2,2,4,1.42857,^
240,Crysencio,Summerville,MID,LEE,70,v,"Summerville (MID, v)",2.9,1.0,2.267,2,4.534,1,2,3,0.66167,~
238,Illan,Meslier,GKP,LEE,87,v,"Meslier (GKP, v)",2.7,0.8,2.067,2,4.134,2,1,3,0.72569,~
239,Junior,Firpo Adames,DEF,LEE,26,v,"Firpo (DEF, v)",1.7,0.6,1.333,2,2.666,2,0,2,0.75019,~
700,Georginio,Rutter,FWD,LEE,11,v,"Rutter (FWD, v)",1.1,0.6,0.933,2,1.866,0,0,0,0.0,vv
619,Wilfried,Gnonto,FWD,LEE,48,v,"Gnonto (FWD, v)",2.5,0.4,1.8,2,3.6,0,5,5,1.38889,^
222,Luke,Ayling,DEF,LEE,47,v,"Ayling (DEF, v)",2.0,0.4,1.467,2,2.934,1,0,1,0.34083,vv
230,Robin,Koch,DEF,LEE,52,v,"Koch (DEF, v)",1.7,0.4,1.267,2,2.534,2,0,2,0.78927,~
224,Adam,Forshaw,MID,LEE,8,~,"Forshaw (MID, ~)",1.1,0.4,0.867,2,1.734,0,1,1,0.5767,v
235,Pascal,Struijk,DEF,LEE,64,v,"Struijk (DEF, v)",2.6,0.2,1.8,2,3.6,0,0,0,0.0,vv
221,Liam,Cooper,DEF,LEE,31,v,"Cooper (DEF, v)",2.1,0.2,1.467,2,2.934,1,0,1,0.34083,vv
691,Maximilian,Wöber,DEF,LEE,23,v,"Wöber (DEF, v)",2.1,0.0,1.4,2,2.8,0,0,0,0.0,vv
506,Tyler,Adams,MID,LEE,47,v,"Adams (MID, v)",2.0,0.0,1.333,2,2.666,0,0,0,0.0,vv
228,Diego,Llorente,DEF,LEE,16,v,"Llorente (DEF, v)",2.0,0.0,1.333,2,2.666,0,0,0,0.0,vv
237,Sam,Greenwood,FWD,LEE,27,v,"Greenwood (FWD, v)",1.8,0.0,1.2,2,2.4,0,0,0,0.0,vv
242,Joe,Gelhardt,FWD,LEE,20,v,"Gelhardt (FWD, v)",1.3,0.0,0.867,2,1.734,0,0,0,0.0,vv
659,Mateo Joseph,Fernández,FWD,LEE,3,v,"Mateo Joseph (FWD, v)",1.0,0.0,0.667,2,1.334,0,0,0,0.0,vv
247,Darko,Gyabi,MID,LEE,1,v,"Gyabi (MID, v)",1.0,0.0,0.667,2,1.334,0,0,0,0.0,vv
547,Cody,Drameh,DEF,LEE,1,v,"Drameh (DEF, v)",1.0,0.0,0.667,2,1.334,0,0,0,0.0,vv
223,Mateusz,Klich,MID,LEE,12,v,"Klich (MID, v)",0.9,0.0,0.6,2,1.2,0,0,0,0.0,vv
226,Stuart,Dallas,DEF,LEE,0,?,"Dallas (DEF, ?)",0.0,0.0,0.0,2,0.0,0,0,0,,?
229,Tyler,Roberts,MID,LEE,0,?,"Roberts (MID, ?)",0.0,0.0,0.0,2,0.0,0,0,0,,?
232,Raphael,Dias Belloli,MID,LEE,0,?,"Raphinha (MID, ?)",0.0,0.0,0.0,2,0.0,0,0,0,,?
234,Jamie,Shackleton,MID,LEE,0,?,"Shackleton (MID, ?)",0.0,0.0,0.0,2,0.0,0,0,0,,?
236,Kristoffer,Klaesson,GKP,LEE,0,?,"Klaesson (GKP, ?)",0.0,0.0,0.0,2,0.0,0,0,0,,?
241,Lewis,Bate,MID,LEE,0,?,"Bate (MID, ?)",0.0,0.0,0.0,2,0.0,0,0,0,,?
243,Leo Fuhr,Hjelde,DEF,LEE,0,?,"Hjelde (DEF, ?)",0.0,0.0,0.0,2,0.0,0,0,0,,?
565,Archie,Gray,MID,LEE,0,?,"Gray (MID, ?)",0.0,0.0,0.0,2,0.0,0,0,0,,?
578,Joel,Robles,GKP,LEE,0,?,"Robles (GKP, ?)",0.0,0.0,0.0,2,0.0,0,0,0,,?
663,Sonny,Perkins,FWD,LEE,0,?,"Perkins (FWD, ?)",0.0,0.0,0.0,2,0.0,0,0,0,,?
742,Jeremiah,Chilokoa-Mullen,DEF,LEE,0,?,"Chilokoa-Mullen (DEF, ?)",0.0,0.0,0.0,2,0.0,0,0,0,,?
743,Diogo,Pinheiro Monteiro,DEF,LEE,0,?,"Monteiro (DEF, ?)",0.0,0.0,0.0,2,0.0,0,0,0,,?
258,Timothy,Castagne,DEF,LEI,102,^,"Castagne (DEF, ^)",3.3,3.8,3.467,2,6.934,2,1,3,0.43265,v
262,Kelechi,Iheanacho,FWD,LEI,74,^,"Iheanacho (FWD, ^)",3.0,3.2,3.067,2,6.134,2,0,2,0.32605,vv
264,Harvey,Barnes,MID,LEI,113,v,"Barnes (MID, v)",4.0,2.2,3.4,2,6.8,2,2,4,0.58824,v
612,Wout,Faes,DEF,LEI,55,~,"Faes (DEF, ~)",2.2,2.2,2.2,2,4.4,2,4,6,1.36364,~
548,Daniel,Iversen,GKP,LEI,12,~,"Iversen (GKP, ~)",2.0,2.0,2.0,2,4.0,2,3,5,1.25,~
256,Ricardo,Barbosa Pereira,DEF,LEI,19,v,"Ricardo (DEF, v)",2.4,1.8,2.2,2,4.4,0,0,0,0.0,vv
261,James,Maddison,MID,LEI,113,v,"Maddison (MID, v)",4.7,1.6,3.667,2,7.334,6,2,8,1.09081,~
255,Jamie,Vardy,FWD,LEI,64,~,"Vardy (FWD, ~)",2.1,1.6,1.933,2,3.866,7,6,13,3.36265,^^^
709,Victor,Kristiansen,DEF,LEI,14,^,"Kristiansen (DEF, ^)",1.6,1.6,1.6,2,3.2,2,0,2,0.625,~
265,Wilfred,Ndidi,MID,LEI,33,~,"Ndidi (MID, ~)",1.4,1.6,1.467,2,2.934,0,2,2,0.68166,~
271,Patson,Daka,FWD,LEI,62,~,"Daka (FWD, ~)",2.5,1.4,2.133,2,4.266,1,1,2,0.46882,v
259,Youri,Tielemans,MID,LEI,71,~,"Tielemans (MID, ~)",2.8,0.8,2.133,2,4.266,1,2,3,0.70323,~
715,Mateus,Cardoso Lemos Martins,MID,LEI,23,v,"Tetê (MID, v)",2.3,0.8,1.8,2,3.6,2,0,2,0.55556,v
252,Nampalys,Mendy,MID,LEI,28,~,"Mendy (MID, ~)",1.6,0.8,1.333,2,2.666,0,0,0,0.0,vv
266,Kiernan,Dewsbury-Hall,MID,LEI,78,~,"Dewsbury-Hall (MID, ~)",2.7,0.6,2.0,2,4.0,0,0,0,0.0,vv
269,Boubakary,Soumaré,MID,LEI,31,v,"Soumaré (MID, v)",1.6,0.6,1.267,2,2.534,1,1,2,0.78927,~
549,Dennis,Praet,MID,LEI,31,~,"Praet (MID, ~)",1.6,0.6,1.267,2,2.534,1,1,2,0.78927,~
257,Daniel,Amartey,DEF,LEI,51,v,"Amartey (DEF, v)",2.5,0.4,1.8,2,3.6,0,0,0,0.0,vv
270,Luke,Thomas,DEF,LEI,19,v,"Thomas (DEF, v)",1.6,0.4,1.2,2,2.4,0,0,0,0.0,vv
727,Harry,Souttar,DEF,LEI,13,v,"Souttar (DEF, v)",1.3,0.4,1.0,2,2.0,0,0,0,0.0,vv
267,Çaglar,Söyüncü,DEF,LEI,4,~,"Söyüncü (DEF, ~)",1.0,0.4,0.8,2,1.6,2,10,12,7.5,^^^
254,Danny,Ward,GKP,LEI,91,v,"Ward (GKP, v)",3.5,0.0,2.333,2,4.666,0,0,0,0.0,vv
268,James,Justin,DEF,LEI,45,v,"Justin (DEF, v)",3.2,0.0,2.133,2,4.266,0,0,0,0.0,vv
260,Ayoze,Pérez,MID,LEI,19,v,"Pérez (MID, v)",2.4,0.0,1.6,2,3.2,0,0,0,0.0,vv
251,Marc,Albrighton,MID,LEI,13,v,"Albrighton (MID, v)",2.2,0.0,1.467,2,2.934,0,0,0,0.0,vv
249,Jonny,Evans,DEF,LEI,12,v,"Evans (DEF, v)",1.2,0.0,0.8,2,1.6,0,0,0,0.0,vv
273,Lewis,Brunt,DEF,LEI,1,v,"Brunt (DEF, v)",1.0,0.0,0.667,2,1.334,0,0,0,0.0,vv
248,Kasper,Schmeichel,GKP,LEI,0,?,"Schmeichel (GKP, ?)",0.0,0.0,0.0,2,0.0,0,0,0,,?
250,Ryan,Bertrand,DEF,LEI,0,?,"Bertrand (DEF, ?)",0.0,0.0,0.0,2,0.0,0,0,0,,?
253,Jannik,Vestergaard,DEF,LEI,0,?,"Vestergaard (DEF, ?)",0.0,0.0,0.0,2,0.0,0,0,0,,?
263,Hamza,Choudhury,MID,LEI,0,?,"Choudhury (MID, ?)",0.0,0.0,0.0,2,0.0,0,0,0,,?
581,Alex,Smithies,GKP,LEI,0,?,"Smithies (GKP, ?)",0.0,0.0,0.0,2,0.0,0,0,0,,?
639,Sammy,Braybrooke,MID,LEI,0,?,"Braybrooke (MID, ?)",0.0,0.0,0.0,2,0.0,0,0,0,,?
645,Joe,Wormleighton,DEF,LEI,0,?,"Wormleighton (DEF, ?)",0.0,0.0,0.0,2,0.0,0,0,0,,?
687,Kasey,McAteer,MID,LEI,0,?,"McAteer (MID, ?)",0.0,0.0,0.0,2,0.0,0,0,0,,?
735,Wanya,Marçal-Madivadua,MID,LEI,0,?,"Marçal-Madivadua (MID, ?)",0.0,0.0,0.0,2,0.0,0,0,0,,?
288,Diogo,Teixeira da Silva,FWD,LIV,57,^,"Diogo Jota (FWD, ^)",3.8,7.6,5.067,3,15.201,1,4,1,0.06579,vv
283,Mohamed,Salah,MID,LIV,187,^,"Salah (MID, ^)",6.0,6.6,6.2,3,18.6,2,7,11,0.5914,v
285,Trent,Alexander-Arnold,DEF,LIV,115,^,"Alexander-Arnold (DEF, ^)",3.8,3.8,3.8,3,11.4,5,4,7,0.61404,v
275,Jordan,Henderson,MID,LIV,57,~,"Henderson (MID, ~)",2.0,3.4,2.467,3,7.401,1,1,3,0.40535,v
680,Cody,Gakpo,MID,LIV,57,^,"Gakpo (MID, ^)",4.1,3.2,3.8,3,11.4,10,8,1,0.08772,vv
281,Alisson,Ramses Becker,GKP,LIV,132,v,"Alisson (GKP, v)",4.3,2.6,3.733,3,11.199,2,2,10,0.89294,~
279,Roberto,Firmino,FWD,LIV,92,v,"Firmino (FWD, v)",4.0,2.0,3.333,3,9.999,0,0,0,0.0,vv
297,Darwin,Núñez Ribeiro,FWD,LIV,91,~,"Darwin (FWD, ~)",3.6,2.0,3.067,3,9.201,1,1,5,0.54342,v
290,Ibrahima,Konaté,DEF,LIV,32,v,"Konaté (DEF, v)",2.5,2.0,2.333,3,6.999,0,0,6,0.85727,~
282,Fabio Henrique,Tavares,MID,LIV,53,~,"Fabinho (MID, ~)",1.8,2.0,1.867,3,5.601,2,2,3,0.53562,v
291,Curtis,Jones,MID,LIV,17,^,"Jones (MID, ^)",1.5,2.0,1.667,3,5.001,2,8,3,0.59988,v
284,Andrew,Robertson,DEF,LIV,99,~,"Robertson (DEF, ~)",3.5,1.6,2.867,3,8.601,6,1,1,0.11627,vv
286,Joseph,Gomez,DEF,LIV,68,v,"Gomez (DEF, v)",3.4,1.2,2.667,3,8.001,0,0,0,0.0,vv
292,Konstantinos,Tsimikas,DEF,LIV,41,v,"Tsimikas (DEF, v)",2.6,1.2,2.133,3,6.399,0,0,6,0.93765,~
276,Joel,Matip,DEF,LIV,26,v,"Matip (DEF, v)",2.2,1.0,1.8,3,5.4,10,0,0,0.0,vv
274,James,Milner,MID,LIV,35,~,"Milner (MID, ~)",1.5,0.8,1.267,3,3.801,1,0,1,0.26309,vv
280,Virgil,van Dijk,DEF,LIV,99,v,"Van Dijk (DEF, v)",3.8,0.6,2.733,3,8.199,2,1,6,0.7318,~
277,Thiago,Alcántara do Nascimento,MID,LIV,29,~,"Thiago (MID, ~)",1.7,0.6,1.333,3,3.999,1,0,0,0.0,vv
293,Luis,Díaz,MID,LIV,41,v,"Luis Díaz (MID, v)",4.1,0.4,2.867,3,8.601,1,10,3,0.3488,vv
294,Harvey,Elliott,MID,LIV,57,v,"Elliott (MID, v)",2.1,0.4,1.533,3,4.599,0,2,1,0.21744,vv
278,Alex,Oxlade-Chamberlain,MID,LIV,20,v,"Chamberlain (MID, v)",2.2,0.2,1.533,3,4.599,0,0,0,0.0,vv
296,Fábio,Freitas Gouveia Carvalho,MID,LIV,26,v,"Carvalho (MID, v)",2.2,0.0,1.467,3,4.401,0,0,0,0.0,vv
564,Stefan,Bajcetic,MID,LIV,22,v,"Bajcetic (MID, v)",2.0,0.0,1.333,3,3.999,0,0,0,0.0,vv
501,Nathaniel,Phillips,DEF,LIV,3,v,"Phillips (DEF, v)",1.5,0.0,1.0,3,3.0,0,0,0,0.0,vv
287,Naby,Keita,MID,LIV,10,v,"Keita (MID, v)",1.2,0.0,0.8,3,2.4,0,0,0,0.0,vv
665,Ben,Doak,MID,LIV,2,v,"Doak (MID, v)",1.0,0.0,0.667,3,2.001,0,0,0,0.0,vv
584,Bobby,Clark,MID,LIV,1,v,"Clark (MID, v)",1.0,0.0,0.667,3,2.001,0,0,0,0.0,vv
289,Caoimhin,Kelleher,GKP,LIV,0,?,"Kelleher (GKP, ?)",0.0,0.0,0.0,3,0.0,0,0,0,,?
298,Calvin,Ramsay,DEF,LIV,0,?,"Ramsay (DEF, ?)",0.0,0.0,0.0,3,0.0,0,0,0,,?
497,Adrián,San Miguel del Castillo,GKP,LIV,0,?,"Adrián (GKP, ?)",0.0,0.0,0.0,3,0.0,0,0,0,,?
498,Rhys,Williams,DEF,LIV,0,?,"R.Williams (DEF, ?)",0.0,0.0,0.0,3,0.0,0,0,0,,?
499,Ben,Davies,DEF,LIV,0,?,"Davies (DEF, ?)",0.0,0.0,0.0,3,0.0,0,0,0,,?
500,Sepp,van den Berg,DEF,LIV,0,?,"Van den Berg (DEF, ?)",0.0,0.0,0.0,3,0.0,0,0,0,,?
563,Luke,Chambers,DEF,LIV,0,?,"Chambers (DEF, ?)",0.0,0.0,0.0,3,0.0,0,0,0,,?
592,Harvey,Davies,GKP,LIV,0,?,"H.Davies (GKP, ?)",0.0,0.0,0.0,3,0.0,0,0,0,,?
620,Arthur Henrique,Ramos de Oliveira Melo,MID,LIV,0,?,"Arthur (MID, ?)",0.0,0.0,0.0,3,0.0,0,0,0,,?
305,Jack,Grealish,MID,MCI,112,~,"Grealish (MID, ~)",4.7,10.3,6.567,3,19.701,1,1,6,0.30455,vv
301,Kevin,De Bruyne,MID,MCI,159,~,"De Bruyne (MID, ~)",5.7,10.0,7.133,3,21.399,19,0,0,0.0,vv
318,Erling,Haaland,FWD,MCI,227,^,"Haaland (FWD, ^)",8.1,8.0,8.067,3,24.201,14,8,8,0.33056,vv
319,Julián,Álvarez,FWD,MCI,73,v,"Álvarez (FWD, v)",3.2,5.3,3.9,3,11.7,1,12,2,0.17094,vv
302,John,Stones,DEF,MCI,73,^,"Stones (DEF, ^)",4.1,3.3,3.833,3,11.499,9,2,6,0.52178,v
300,Ilkay,Gündogan,MID,MCI,93,v,"Gündogan (MID, v)",3.6,3.0,3.4,3,10.2,3,2,0,0.0,vv
303,Riyad,Mahrez,MID,MCI,91,v,"Mahrez (MID, v)",4.1,2.7,3.633,3,10.899,1,5,6,0.55051,v
307,Ederson,Santana de Moraes,GKP,MCI,105,~,"Ederson (GKP, ~)",3.5,2.3,3.1,3,9.3,2,1,0,0.0,vv
315,Rodrigo,Hernandez,MID,MCI,95,~,"Rodri (MID, ~)",3.3,2.3,2.967,3,8.901,1,2,3,0.33704,vv
312,Rúben,Gato Alves Dias,DEF,MCI,65,~,"Dias (DEF, ~)",3.0,2.0,2.667,3,8.001,1,2,6,0.74991,~
610,Manuel,Akanji,DEF,MCI,68,v,"Akanji (DEF, v)",3.0,1.7,2.567,3,7.701,2,2,1,0.12985,vv
308,Nathan,Aké,DEF,MCI,68,v,"Aké (DEF, v)",3.0,1.3,2.433,3,7.299,0,0,15,2.05508,^^^
311,Bernardo,Veiga de Carvalho e Silva,MID,MCI,97,v,"Bernardo (MID, v)",3.5,1.0,2.667,3,8.001,2,1,3,0.37495,vv
299,Kyle,Walker,DEF,MCI,43,~,"Walker (DEF, ~)",2.3,1.0,1.867,3,5.601,2,1,6,1.07124,~
309,Aymeric,Laporte,DEF,MCI,23,~,"Laporte (DEF, ~)",2.9,0.7,2.167,3,6.501,0,0,0,0.0,vv
587,Sergio,Gómez,DEF,MCI,10,~,"Sergio Gómez (DEF, ~)",1.2,0.7,1.033,3,3.099,0,0,0,0.0,vv
316,Cole,Palmer,MID,MCI,10,~,"Palmer (MID, ~)",0.9,0.7,0.833,3,2.499,0,0,0,0.0,vv
325,Kalvin,Phillips,MID,MCI,6,~,"Phillips (MID, ~)",0.9,0.7,0.833,3,2.499,0,0,1,0.40016,v
314,Phil,Foden,MID,MCI,109,v,"Foden (MID, v)",4.5,0.0,3.0,3,9.0,4,1,6,0.66667,~
306,João,Cancelo,DEF,MCI,73,v,"Cancelo (DEF, v)",4.3,0.0,2.867,3,8.601,0,0,0,0.0,vv
573,Rico,Lewis,DEF,MCI,17,v,"Lewis (DEF, v)",1.7,0.0,1.133,3,3.399,0,0,0,0.0,vv
712,Máximo,Perrone,MID,MCI,1,v,"Perrone (MID, v)",1.0,0.0,0.667,3,2.001,0,0,0,0.0,vv
310,Zack,Steffen,GKP,MCI,0,?,"Steffen (GKP, ?)",0.0,0.0,0.0,3,0.0,0,0,0,,?
317,James,McAtee,MID,MCI,0,?,"McAtee (MID, ?)",0.0,0.0,0.0,3,0.0,0,0,0,,?
320,Luke,Mbete-Tabu,DEF,MCI,0,?,"Mbete (DEF, ?)",0.0,0.0,0.0,3,0.0,0,0,0,,?
322,Josh,Wilson-Esbrand,DEF,MCI,0,?,"Wilson-Esbrand (DEF, ?)",0.0,0.0,0.0,3,0.0,0,0,0,,?
323,Liam,Delap,FWD,MCI,0,?,"Delap (FWD, ?)",0.0,0.0,0.0,3,0.0,0,0,0,,?
324,Stefan,Ortega Moreno,GKP,MCI,0,?,"Ortega (GKP, ?)",0.0,0.0,0.0,3,0.0,0,0,7,inf,^^^
502,Scott,Carson,GKP,MCI,0,?,"Carson (GKP, ?)",0.0,0.0,0.0,3,0.0,0,0,0,,?
599,Claudio,Gomes,MID,MCI,0,?,"Gomes (MID, ?)",0.0,0.0,0.0,3,0.0,0,0,0,,?
600,Ben,Knight,MID,MCI,0,?,"Knight (MID, ?)",0.0,0.0,0.0,3,0.0,0,0,0,,?
342,Diogo,Dalot Teixeira,DEF,MUN,88,^,"Dalot (DEF, ^)",4.2,5.2,4.533,3,13.599,1,9,1,0.07353,vv
609,Antony Matheus,dos Santos,MID,MUN,65,^,"Antony (MID, ^)",3.6,5.2,4.133,3,12.399,2,1,2,0.1613,vv
327,David,De Gea Quintana,GKP,MUN,124,~,"De Gea (GKP, ~)",4.1,5.0,4.4,3,13.2,2,6,3,0.22727,vv
335,Marcus,Rashford,MID,MUN,174,v,"Rashford (MID, v)",6.0,4.5,5.5,3,16.5,12,6,2,0.12121,vv
533,Lisandro,Martínez,DEF,MUN,81,v,"Martínez (DEF, v)",3.0,4.5,3.5,3,10.5,0,0,0,0.0,vv
338,Scott,McTominay,MID,MUN,34,v,"McTominay (MID, v)",1.6,3.5,2.233,3,6.699,0,0,0,0.0,vv
340,Jadon,Sancho,MID,MUN,71,~,"Sancho (MID, ~)",3.9,3.2,3.667,3,11.001,7,3,1,0.0909,vv
341,Aaron,Wan-Bissaka,DEF,MUN,49,^,"Wan-Bissaka (DEF, ^)",3.8,3.0,3.533,3,10.599,1,0,2,0.1887,vv
345,Anthony,Martial,FWD,MUN,44,^,"Martial (FWD, ^)",3.4,3.0,3.267,3,9.801,1,1,2,0.20406,vv
330,Harry,Maguire,DEF,MUN,35,^,"Maguire (DEF, ^)",2.7,2.8,2.733,3,8.199,0,1,0,0.0,vv
728,Marcel,Sabitzer,MID,MUN,20,v,"Sabitzer (MID, v)",2.5,2.8,2.6,3,7.8,0,3,1,0.12821,vv
333,Bruno,Borges Fernandes,MID,MUN,129,~,"Fernandes (MID, ~)",4.4,2.5,3.767,3,11.301,5,11,2,0.17698,vv
504,Tyrell,Malacia,DEF,MUN,53,v,"Malacia (DEF, v)",3.1,2.5,2.9,3,8.7,1,5,0,0.0,vv
329,Raphaël,Varane,DEF,MUN,63,v,"Varane (DEF, v)",3.0,2.2,2.733,3,8.199,0,0,0,0.0,vv
337,Victor,Lindelöf,DEF,MUN,30,^,"Lindelöf (DEF, ^)",2.5,2.2,2.4,3,7.2,0,6,2,0.27778,vv
519,Christian,Eriksen,MID,MUN,78,~,"Eriksen (MID, ~)",3.7,1.0,2.8,3,8.4,2,3,0,0.0,vv
331,Frederico,Rodrigues de Paula Santos,MID,MUN,49,~,"Fred (MID, ~)",1.8,1.0,1.533,3,4.599,1,0,3,0.65232,~
593,Carlos Henrique,Casimiro,MID,MUN,59,~,"Casemiro (MID, ~)",3.0,0.8,2.267,3,6.801,2,3,1,0.14704,vv
701,Wout,Weghorst,FWD,MUN,18,v,"Weghorst (FWD, v)",1.6,0.8,1.333,3,3.999,1,0,1,0.25006,vv
332,Luke,Shaw,DEF,MUN,95,v,"Shaw (DEF, v)",4.0,0.2,2.733,3,8.199,1,7,1,0.12197,vv
347,Facundo,Pellistri Rebollo,MID,MUN,3,v,"Pellistri (MID, v)",1.0,0.2,0.733,3,2.199,0,0,0,0.0,vv
569,Alejandro,Garnacho,MID,MUN,30,v,"Garnacho (MID, v)",2.0,0.0,1.333,3,3.999,0,0,0,0.0,vv
326,Cristiano Ronaldo,dos Santos Aveiro,FWD,MUN,20,v,"Ronaldo (FWD, v)",2.0,0.0,1.333,3,3.999,0,0,0,0.0,vv
344,Anthony,Elanga,MID,MUN,23,v,"Elanga (MID, v)",1.4,0.0,0.933,3,2.799,0,0,0,0.0,vv
336,Donny,van de Beek,MID,MUN,8,v,"Van de Beek (MID, v)",1.1,0.0,0.733,3,2.199,0,0,0,0.0,vv
643,Kobbie,Mainoo,MID,MUN,1,v,"Mainoo (MID, v)",1.0,0.0,0.667,3,2.001,0,0,0,0.0,vv
162,Jack,Butland,GKP,MUN,0,?,"Butland (GKP, ?)",0.0,0.0,0.0,3,0.0,0,0,0,,?
328,Phil,Jones,DEF,MUN,0,?,"Jones (DEF, ?)",0.0,0.0,0.0,3,0.0,0,0,0,,?
334,Alex,Telles,DEF,MUN,0,?,"Telles (DEF, ?)",0.0,0.0,0.0,3,0.0,0,0,0,,?
339,Eric,Bailly,DEF,MUN,0,?,"Bailly (DEF, ?)",0.0,0.0,0.0,3,0.0,0,0,0,,?
343,Brandon,Williams,DEF,MUN,0,?,"B.Williams (DEF, ?)",0.0,0.0,0.0,3,0.0,0,0,0,,?
348,Tom,Heaton,GKP,MUN,0,?,"Heaton (GKP, ?)",0.0,0.0,0.0,3,0.0,0,0,0,,?
550,Amad,Diallo,MID,MUN,0,?,"Amad (MID, ?)",0.0,0.0,0.0,3,0.0,0,0,0,,?
551,Zidane,Iqbal,MID,MUN,0,?,"Iqbal (MID, ?)",0.0,0.0,0.0,3,0.0,0,0,0,,?
615,Matej,Kovár,GKP,MUN,0,?,"Kovár (GKP, ?)",0.0,0.0,0.0,3,0.0,0,0,0,,?
656,Nathan,Bishop,GKP,MUN,0,?,"Bishop (GKP, ?)",0.0,0.0,0.0,3,0.0,0,0,0,,?
660,Shola,Shoretire,FWD,MUN,0,?,"Shoretire (FWD, ?)",0.0,0.0,0.0,3,0.0,0,0,0,,?
674,Rhys,Bennett,DEF,MUN,0,?,"Bennett (DEF, ?)",0.0,0.0,0.0,3,0.0,0,0,0,,?
759,Marc,Jurado Gomez,DEF,MUN,0,?,"Jurado (DEF, ?)",0.0,0.0,0.0,3,0.0,0,0,0,,?
371,Joelinton Cássio,Apolinário de Lira,MID,NEW,99,^,"Joelinton (MID, ^)",3.7,7.0,4.8,2,9.6,9,1,10,1.04167,~
356,Callum,Wilson,FWD,NEW,103,v,"Wilson (FWD, v)",4.3,5.8,4.8,2,9.6,13,12,25,2.60417,^^^
594,Alexander,Isak,FWD,NEW,80,~,"Isak (FWD, ~)",5.3,5.6,5.4,2,10.8,1,7,8,0.74074,~
376,Nick,Pope,GKP,NEW,134,v,"Pope (GKP, v)",4.3,4.6,4.4,2,8.8,3,2,5,0.56818,v
365,Jacob,Murphy,MID,NEW,66,^,"Murphy (MID, ^)",2.1,4.6,2.933,2,5.866,6,2,8,1.36379,~
366,Fabian,Schär,DEF,NEW,127,~,"Schär (DEF, ~)",4.4,4.2,4.333,2,8.666,2,2,4,0.46157,v
373,Joe,Willock,MID,NEW,107,~,"Willock (MID, ~)",3.6,4.0,3.733,2,7.466,5,2,7,0.93758,~
357,Kieran,Trippier,DEF,NEW,173,v,"Trippier (DEF, v)",5.6,3.8,5.0,2,10.0,2,2,4,0.4,v
374,Bruno,Guimarães Rodriguez Moura,MID,NEW,85,v,"Bruno Guimarães (MID, v)",3.4,2.8,3.2,2,6.4,6,2,8,1.25,~
377,Sven,Botman,DEF,NEW,107,v,"Botman (DEF, v)",3.7,2.6,3.333,2,6.666,2,5,7,1.05011,~
358,Dan,Burn,DEF,NEW,108,v,"Burn (DEF, v)",3.5,2.6,3.2,2,6.4,1,2,3,0.46875,v
370,Sean,Longstaff,MID,NEW,87,~,"S.Longstaff (MID, ~)",2.8,2.4,2.667,2,5.334,3,0,3,0.56243,v
368,Allan,Saint-Maximin,MID,NEW,60,v,"Saint-Maximin (MID, v)",3.0,2.2,2.733,2,5.466,0,0,0,0.0,vv
369,Miguel,Almirón Rejala,MID,NEW,141,~,"Almirón (MID, ~)",5.2,1.0,3.8,2,7.6,3,1,4,0.52632,v
195,Anthony,Gordon,MID,NEW,52,v,"Gordon (MID, v)",2.1,1.0,1.733,2,3.466,1,1,2,0.57703,v
552,Elliot,Anderson,MID,NEW,15,v,"Anderson (MID, v)",1.0,0.6,0.867,2,1.734,1,1,2,1.1534,~
367,Matt,Targett,DEF,NEW,26,v,"Targett (DEF, v)",2.0,0.4,1.467,2,2.934,5,0,5,1.70416,^^
363,Javier,Manquillo Gaitán,DEF,NEW,3,~,"Manquillo (DEF, ~)",1.0,0.4,0.8,2,1.6,0,0,0,0.0,vv
360,Jamaal,Lascelles,DEF,NEW,3,~,"Lascelles (DEF, ~)",0.7,0.4,0.6,2,1.2,0,0,0,0.0,vv
350,Matt,Ritchie,DEF,NEW,6,v,"Ritchie (DEF, v)",1.0,0.2,0.733,2,1.466,0,1,1,0.68213,~
355,Martin,Dubravka,GKP,NEW,8,v,"Dubravka (GKP, v)",8.0,0.0,5.333,2,10.666,0,0,0,0.0,vv
359,Ryan,Fraser,MID,NEW,11,v,"Fraser (MID, v)",1.4,0.0,0.933,2,1.866,0,0,0,0.0,vv
364,Emil,Krafth,DEF,NEW,1,v,"Krafth (DEF, v)",1.0,0.0,0.667,2,1.334,0,0,0,0.0,vv
372,Jamal,Lewis,DEF,NEW,1,v,"Lewis (DEF, v)",1.0,0.0,0.667,2,1.334,0,0,0,0.0,vv
351,Federico,Fernández,DEF,NEW,0,?,"Fernández (DEF, ?)",0.0,0.0,0.0,2,0.0,0,0,0,,?
352,Ciaran,Clark,DEF,NEW,0,?,"Clark (DEF, ?)",0.0,0.0,0.0,2,0.0,0,0,0,,?
353,Karl,Darlow,GKP,NEW,0,?,"Darlow (GKP, ?)",0.0,0.0,0.0,2,0.0,0,0,0,,?
361,Dwight,Gayle,FWD,NEW,0,?,"Gayle (FWD, ?)",0.0,0.0,0.0,2,0.0,0,0,0,,?
362,Paul,Dummett,DEF,NEW,0,?,"Dummett (DEF, ?)",0.0,0.0,0.0,2,0.0,0,0,0,,?
375,Jeff,Hendrick,MID,NEW,0,?,"Hendrick (MID, ?)",0.0,0.0,0.0,2,0.0,0,0,0,,?
555,Harrison,Ashby,DEF,NEW,0,?,"Ashby (DEF, ?)",0.0,0.0,0.0,2,0.0,0,0,0,,?
626,Loris,Karius,GKP,NEW,0,?,"Karius (GKP, ?)",0.0,0.0,0.0,2,0.0,0,0,0,,?
683,Garang,Kuol,MID,NEW,0,?,"Kuol (MID, ?)",0.0,0.0,0.0,2,0.0,0,0,0,,?
741,Lewis,Miley,MID,NEW,0,?,"Miley (MID, ?)",0.0,0.0,0.0,2,0.0,0,0,0,,?
493,Morgan,Gibbs-White,MID,NFO,111,^,"Gibbs-White (MID, ^)",3.6,4.0,3.733,2,7.466,7,5,12,1.60729,^
394,Brennan,Johnson,FWD,NFO,108,v,"Johnson (FWD, v)",3.4,2.6,3.133,2,6.266,0,2,2,0.31918,vv
703,Danilo,dos Santos de Oliveira,MID,NFO,14,~,"Danilo (MID, ~)",1.8,2.4,2.0,2,4.0,9,10,19,4.75,^^^
536,Orel,Mangala,MID,NFO,33,v,"Mangala (MID, v)",1.6,2.0,1.733,2,3.466,2,3,5,1.44259,^
585,Emmanuel,Dennis,FWD,NFO,38,v,"Dennis (FWD, v)",2.1,1.8,2.0,2,4.0,0,0,0,0.0,vv
295,Neco,Williams,DEF,NFO,52,^,"N.Williams (DEF, ^)",1.7,1.8,1.733,2,3.466,2,0,2,0.57703,v
729,Keylor,Navas,GKP,NFO,25,~,"Navas (GKP, ~)",2.1,1.6,1.933,2,3.866,3,3,6,1.55199,^
582,Remo,Freuler,MID,NFO,54,~,"Freuler (MID, ~)",1.9,1.6,1.8,2,3.6,0,0,0,0.0,vv
397,Taiwo,Awoniyi,FWD,NFO,56,~,"Awoniyi (FWD, ~)",2.7,1.2,2.2,2,4.4,5,1,6,1.36364,~
507,Moussa,Niakhaté,DEF,NFO,14,v,"Niakhaté (DEF, v)",1.8,1.2,1.6,2,3.2,1,1,2,0.625,~
523,Harry,Toffolo,DEF,NFO,26,v,"Toffolo (DEF, v)",1.7,1.2,1.533,2,3.066,1,0,1,0.32616,vv
730,Felipe Augusto,de Almeida Monteiro,DEF,NFO,13,~,"Felipe (DEF, ~)",1.2,1.0,1.133,2,2.266,1,0,1,0.44131,v
388,Joe,Worrall,DEF,NFO,48,v,"Worrall (DEF, v)",2.0,0.8,1.6,2,3.2,2,1,3,0.9375,~
602,Renan Augusto,Lodi dos Santos,DEF,NFO,40,~,"Renan Lodi (DEF, ~)",1.8,0.6,1.4,2,2.8,5,1,6,2.14286,^^^
734,André,Ayew,MID,NFO,9,v,"A.Ayew (MID, v)",0.9,0.6,0.8,2,1.6,1,0,1,0.625,~
385,Scott,McKenna,DEF,NFO,40,~,"McKenna (DEF, ~)",2.0,0.4,1.467,2,2.934,0,0,0,0.0,vv
583,Cheikhou,Kouyaté,MID,NFO,29,v,"Kouyaté (MID, v)",1.9,0.4,1.4,2,2.8,1,1,2,0.71429,~
349,Jonjo,Shelvey,MID,NFO,16,v,"Shelvey (MID, v)",1.5,0.4,1.133,2,2.266,0,0,0,0.0,vv
391,Sam,Surridge,FWD,NFO,24,~,"Surridge (FWD, ~)",1.3,0.4,1.0,2,2.0,0,0,0,0.0,vv
527,Jesse,Lingard,MID,NFO,33,v,"Lingard (MID, v)",1.9,0.2,1.333,2,2.666,0,0,0,0.0,vv
681,Gustavo Henrique,Furtado Scarpa,MID,NFO,5,v,"Scarpa (MID, v)",0.8,0.2,0.6,2,1.2,0,0,0,0.0,vv
398,Dean,Henderson,GKP,NFO,82,v,"Henderson (GKP, v)",4.6,0.0,3.067,2,6.134,0,0,0,0.0,vv
474,Willy,Boly,DEF,NFO,33,v,"Boly (DEF, v)",4.1,0.0,2.733,2,5.466,0,0,0,0.0,vv
628,Serge,Aurier,DEF,NFO,57,v,"Aurier (DEF, v)",3.2,0.0,2.133,2,4.266,2,1,3,0.70323,~
354,Chris,Wood,FWD,NFO,53,v,"Wood (FWD, v)",2.1,0.0,1.4,2,2.8,0,0,0,0.0,vv
387,Ryan,Yates,MID,NFO,44,v,"Yates (MID, v)",2.1,0.0,1.4,2,2.8,0,1,1,0.35714,vv
518,Wayne,Hennessey,GKP,NFO,4,v,"Hennessey (GKP, v)",2.0,0.0,1.333,2,2.666,0,0,0,0.0,vv
524,Lewis,O'Brien,MID,NFO,22,v,"O'Brien (MID, v)",1.7,0.0,1.133,2,2.266,0,0,0,0.0,vv
379,Steve,Cook,DEF,NFO,20,v,"Cook (DEF, v)",1.7,0.0,1.133,2,2.266,0,0,0,0.0,vv
381,Jack,Colback,MID,NFO,14,v,"Colback (MID, v)",1.3,0.0,0.867,2,1.734,0,0,0,0.0,vv
399,Giulian,Biancone,DEF,NFO,2,v,"Biancone (DEF, v)",1.0,0.0,0.667,2,1.334,0,0,0,0.0,vv
383,Carlos,Ribeiro Dias,MID,NFO,1,v,"Cafú (MID, v)",1.0,0.0,0.667,2,1.334,0,0,0,0.0,vv
395,Alex,Mighten,MID,NFO,1,v,"Mighten (MID, v)",1.0,0.0,0.667,2,1.334,0,0,0,0.0,vv
378,Harry,Arter,MID,NFO,0,?,"Arter (MID, ?)",0.0,0.0,0.0,2,0.0,0,0,0,,?
380,Lyle,Taylor,FWD,NFO,0,?,"Lyle Taylor (FWD, ?)",0.0,0.0,0.0,2,0.0,0,0,0,,?
382,Brice,Samba,GKP,NFO,0,?,"Samba (GKP, ?)",0.0,0.0,0.0,2,0.0,0,0,0,,?
384,Joe,Lolley,MID,NFO,0,?,"Lolley (MID, ?)",0.0,0.0,0.0,2,0.0,0,0,0,,?
386,Mohamed,Dräger,DEF,NFO,0,?,"Dräger (DEF, ?)",0.0,0.0,0.0,2,0.0,0,0,0,,?
389,Jonathan,Panzo,DEF,NFO,0,?,"Panzo (DEF, ?)",0.0,0.0,0.0,2,0.0,0,0,0,,?
390,Xande,Nascimento da Costa Silva,MID,NFO,0,?,"Xande Silva (MID, ?)",0.0,0.0,0.0,2,0.0,0,0,0,,?
392,Richie,Laryea,DEF,NFO,0,?,"Laryea (DEF, ?)",0.0,0.0,0.0,2,0.0,0,0,0,,?
393,Loïc,Mbe Soh,DEF,NFO,0,?,"Mbe Soh (DEF, ?)",0.0,0.0,0.0,2,0.0,0,0,0,,?
396,Braian,Ojeda Rodríguez,MID,NFO,0,?,"Ojeda (MID, ?)",0.0,0.0,0.0,2,0.0,0,0,0,,?
511,Omar,Richards,DEF,NFO,0,?,"Richards (DEF, ?)",0.0,0.0,0.0,2,0.0,0,0,0,,?
553,Oliver,Hammond,MID,NFO,0,?,"Hammond (MID, ?)",0.0,0.0,0.0,2,0.0,0,0,0,,?
621,Loïc,Badé,DEF,NFO,0,?,"Badé (DEF, ?)",0.0,0.0,0.0,2,0.0,0,0,0,,?
666,Dale,Taylor,FWD,NFO,0,?,"Dale Taylor (FWD, ?)",0.0,0.0,0.0,2,0.0,0,0,0,,?
675,Jordan,Smith,GKP,NFO,0,?,"Smith (GKP, ?)",0.0,0.0,0.0,2,0.0,0,0,0,,?
749,George,Shelvey,GKP,NFO,0,?,"G.Shelvey (GKP, ?)",0.0,0.0,0.0,2,0.0,0,0,0,,?
693,Carlos,Alcaraz,MID,SOU,36,^,"Alcaraz (MID, ^)",3.0,3.5,3.167,2,6.334,2,2,4,0.63151,~
400,Theo,Walcott,MID,SOU,37,~,"Walcott (MID, ~)",2.6,3.2,2.8,2,5.6,2,-1,1,0.17857,vv
407,James,Ward-Prowse,MID,SOU,113,v,"Ward-Prowse (MID, v)",3.5,2.0,3.0,2,6.0,1,2,3,0.5,v
623,Duje,Caleta-Car,DEF,SOU,26,^,"Caleta-Car (DEF, ^)",2.2,1.8,2.067,2,4.134,2,0,2,0.48379,v
321,Roméo,Lavia,MID,SOU,44,~,"Lavia (MID, ~)",1.9,1.8,1.867,2,3.734,2,1,3,0.80343,~
731,Kamaldeen,Sulemana,MID,SOU,21,~,"Kamaldeen (MID, ~)",1.8,1.5,1.7,2,3.4,1,6,7,2.05882,^^^
528,Sékou,Mara,FWD,SOU,31,v,"Mara (FWD, v)",1.5,1.5,1.5,2,3.0,0,0,0,0.0,vv
422,Gavin,Bazunu,GKP,SOU,84,v,"Bazunu (GKP, v)",2.6,1.2,2.133,2,4.266,0,0,0,0.0,vv
406,Mohamed,Elyounoussi,MID,SOU,50,v,"Elyounoussi (MID, v)",1.8,1.2,1.6,2,3.2,2,1,3,0.9375,~
21,Ainsley,Maitland-Niles,MID,SOU,32,v,"Maitland-Niles (MID, v)",1.8,1.2,1.6,2,3.2,1,1,2,0.625,~
418,Moussa,Djenepo,MID,SOU,25,v,"Djenepo (MID, v)",1.8,1.2,1.6,2,3.2,0,2,2,0.625,~
423,Armel,Bella-Kotchap,DEF,SOU,48,~,"Bella-Kotchap (DEF, ~)",2.2,1.0,1.8,2,3.6,0,1,1,0.27778,vv
405,Stuart,Armstrong,MID,SOU,41,v,"S.Armstrong (MID, v)",1.6,1.0,1.4,2,2.8,1,6,7,2.5,^^^
417,Romain,Perraud,DEF,SOU,70,v,"Perraud (DEF, v)",2.5,0.8,1.933,2,3.866,1,0,1,0.25867,vv
409,Kyle,Walker-Peters,DEF,SOU,52,v,"Walker-Peters (DEF, v)",2.1,0.8,1.667,2,3.334,2,0,2,0.59988,v
732,Paul,Onuachu,FWD,SOU,11,~,"Onuachu (FWD, ~)",1.2,0.8,1.067,2,2.134,0,0,0,0.0,vv
512,Joe,Ayodele-Aribo,MID,SOU,44,~,"Aribo (MID, ~)",2.2,0.5,1.633,2,3.266,0,0,0,0.0,vv
410,Jan,Bednarek,DEF,SOU,29,v,"Bednarek (DEF, v)",1.7,0.5,1.3,2,2.6,2,0,2,0.76923,~
408,Adam,Armstrong,FWD,SOU,44,v,"A.Armstrong (FWD, v)",1.8,0.2,1.267,2,2.534,2,1,3,1.1839,~
624,Samuel,Edozie,MID,SOU,22,v,"Edozie (MID, v)",1.4,0.2,1.0,2,2.0,0,0,0,0.0,vv
416,Ibrahima,Diallo,MID,SOU,19,v,"Diallo (MID, v)",1.1,0.2,0.8,2,1.6,0,0,0,0.0,vv
411,Che,Adams,FWD,SOU,90,v,"Adams (FWD, v)",3.6,0.0,2.4,2,4.8,1,1,2,0.41667,v
402,Oriol,Romeu Vidal,MID,SOU,2,v,"Romeu (MID, v)",2.0,0.0,1.333,2,2.666,0,0,0,0.0,vv
420,Mohammed,Salisu,DEF,SOU,33,v,"Salisu (DEF, v)",1.5,0.0,1.0,2,2.0,0,0,0,0.0,vv
716,James,Bree,DEF,SOU,4,v,"Bree (DEF, v)",1.3,0.0,0.867,2,1.734,0,0,0,0.0,vv
413,Lyanco,Silveira Neves Vojnovic,DEF,SOU,15,v,"Lyanco (DEF, v)",1.0,0.0,0.667,2,1.334,1,2,3,2.24888,^^^
403,Nathan,Redmond,MID,SOU,1,v,"Redmond (MID, v)",1.0,0.0,0.667,2,1.334,0,0,0,0.0,vv
692,Mislav,Orsic,MID,SOU,1,v,"Orsic (MID, v)",1.0,0.0,0.667,2,1.334,0,0,0,0.0,vv
622,Juan,Larios López,DEF,SOU,4,v,"Larios (DEF, v)",0.8,0.0,0.533,2,1.066,0,0,0,0.0,vv
401,Alex,McCarthy,GKP,SOU,0,?,"McCarthy (GKP, ?)",0.0,0.0,0.0,2,0.0,2,2,4,inf,^^^
412,Nathan,Tella,MID,SOU,0,?,"Tella (MID, ?)",0.0,0.0,0.0,2,0.0,0,0,0,,?
414,Yan,Valery,DEF,SOU,0,?,"Valery (DEF, ?)",0.0,0.0,0.0,2,0.0,0,0,0,,?
415,Will,Smallbone,MID,SOU,0,?,"Smallbone (MID, ?)",0.0,0.0,0.0,2,0.0,0,0,0,,?
419,Tino,Livramento,DEF,SOU,0,?,"Livramento (DEF, ?)",0.0,0.0,0.0,2,0.0,0,0,0,,?
421,Mateusz,Lis,GKP,SOU,0,?,"Lis (GKP, ?)",0.0,0.0,0.0,2,0.0,0,0,0,,?
424,Willy,Caballero,GKP,SOU,0,?,"Caballero (GKP, ?)",0.0,0.0,0.0,2,0.0,0,0,0,,?
647,Lewis,Payne,MID,SOU,0,?,"Payne (MID, ?)",0.0,0.0,0.0,2,0.0,0,0,0,,?
648,Ryan,Finnigan,MID,SOU,0,?,"Finnigan (MID, ?)",0.0,0.0,0.0,2,0.0,0,0,0,,?
671,Jimmy,Morgan,FWD,SOU,0,?,"Morgan (FWD, ?)",0.0,0.0,0.0,2,0.0,0,0,0,,?
427,Harry,Kane,FWD,TOT,206,v,"Kane (FWD, v)",6.4,6.0,6.267,2,12.534,11,8,19,1.51588,^
428,Son,Heung-min,MID,TOT,123,~,"Son (MID, ~)",4.1,5.2,4.467,2,8.934,8,9,17,1.90284,^^
433,Pierre-Emile,Højbjerg,MID,TOT,112,~,"Højbjerg (MID, ~)",3.6,3.2,3.467,2,6.934,1,2,3,0.43265,v
513,Clément,Lenglet,DEF,TOT,53,v,"Lenglet (DEF, v)",2.5,2.8,2.6,2,5.2,1,0,1,0.19231,vv
448,Ivan,Perišić,DEF,TOT,87,v,"Perišić (DEF, v)",2.9,2.0,2.6,2,5.2,1,4,5,0.96154,~
713,Arnaut,Danjuma,MID,TOT,9,^,"Danjuma (MID, ^)",2.2,2.0,2.133,2,4.266,1,1,2,0.46882,v
425,Hugo,Lloris,GKP,TOT,89,v,"Lloris (GKP, v)",3.6,1.8,3.0,2,6.0,0,0,0,0.0,vv
446,Dejan,Kulusevski,MID,TOT,83,v,"Kulusevski (MID, v)",3.5,1.8,2.933,2,5.866,1,2,3,0.51142,v
441,Oliver,Skipp,MID,TOT,31,~,"Skipp (MID, ~)",1.8,1.8,1.8,2,3.6,2,2,4,1.11111,~
430,Eric,Dier,DEF,TOT,94,v,"Dier (DEF, v)",3.1,1.0,2.4,2,4.8,1,0,1,0.20833,vv
733,Pedro,Porro,DEF,TOT,24,v,"Pedro Porro (DEF, v)",2.7,1.0,2.133,2,4.266,7,1,8,1.87529,^^
443,Cristian,Romero,DEF,TOT,55,v,"Romero (DEF, v)",2.4,1.0,1.933,2,3.866,1,3,4,1.03466,~
435,Davinson,Sánchez,DEF,TOT,25,~,"Sánchez (DEF, ~)",1.6,0.8,1.333,2,2.666,0,0,0,0.0,vv
454,Richarlison,de Andrade,FWD,TOT,42,~,"Richarlison (FWD, ~)",2.0,0.5,1.5,2,3.0,2,4,6,2.0,^^^
450,Pape Matar,Sarr,MID,TOT,9,v,"Sarr (MID, v)",1.0,0.5,0.833,2,1.666,0,1,1,0.60024,v
426,Fraser,Forster,GKP,TOT,29,v,"Forster (GKP, v)",3.6,0.2,2.467,2,4.934,2,0,2,0.40535,v
439,Japhet,Tanganga,DEF,TOT,3,v,"Tanganga (DEF, v)",1.0,0.2,0.733,2,1.466,1,0,1,0.68213,~
440,Rodrigo,Bentancur,MID,TOT,71,v,"Bentancur (MID, v)",3.9,0.0,2.6,2,5.2,0,0,0,0.0,vv
432,Ben,Davies,DEF,TOT,89,v,"Davies (DEF, v)",3.6,0.0,2.4,2,4.8,1,0,1,0.20833,vv
445,Emerson,Leite de Souza Junior,DEF,TOT,76,v,"Emerson Royal (DEF, v)",3.5,0.0,2.333,2,4.666,0,0,0,0.0,vv
429,Matt,Doherty,DEF,TOT,35,v,"Doherty (DEF, v)",2.9,0.0,1.933,2,3.866,0,0,0,0.0,vv
554,Bryan,Gil Salvatierra,MID,TOT,9,v,"Bryan (MID, v)",2.2,0.0,1.467,2,2.934,0,0,0,0.0,vv
436,Ryan,Sessegnon,DEF,TOT,35,v,"R.Sessegnon (DEF, v)",2.1,0.0,1.4,2,2.8,0,0,0,0.0,vv
444,Yves,Bissouma,MID,TOT,23,v,"Bissouma (MID, v)",1.1,0.0,0.733,2,1.466,0,0,0,0.0,vv
522,Djed,Spence,DEF,TOT,4,v,"Spence (DEF, v)",1.0,0.0,0.667,2,1.334,0,0,0,0.0,vv
449,Harvey,White,MID,TOT,1,v,"White (MID, v)",1.0,0.0,0.667,2,1.334,0,0,0,0.0,vv
434,Harry,Winks,MID,TOT,0,?,"Winks (MID, ?)",0.0,0.0,0.0,2,0.0,0,0,0,,?
437,Steven,Bergwijn,MID,TOT,0,?,"Bergwijn (MID, ?)",0.0,0.0,0.0,2,0.0,0,0,0,,?
438,Sergio,Reguilón,DEF,TOT,0,?,"Reguilón (DEF, ?)",0.0,0.0,0.0,2,0.0,0,0,0,,?
442,Joe,Rodon,DEF,TOT,0,?,"Rodon (DEF, ?)",0.0,0.0,0.0,2,0.0,0,0,0,,?
447,Dane,Scarlett,FWD,TOT,0,?,"Scarlett (FWD, ?)",0.0,0.0,0.0,2,0.0,0,0,0,,?
451,Brandon,Austin,GKP,TOT,0,?,"Austin (GKP, ?)",0.0,0.0,0.0,2,0.0,0,0,0,,?
452,Alfie,Devine,MID,TOT,0,?,"Devine (MID, ?)",0.0,0.0,0.0,2,0.0,0,0,0,,?
453,Troy,Parrott,FWD,TOT,0,?,"Parrott (FWD, ?)",0.0,0.0,0.0,2,0.0,0,0,0,,?
748,Romaine,Mundle,MID,TOT,0,?,"Mundle (MID, ?)",0.0,0.0,0.0,2,0.0,0,0,0,,?
758,George,Abbott,MID,TOT,0,?,"Abbott (MID, ?)",0.0,0.0,0.0,2,0.0,0,0,0,,?
431,Lucas,Rodrigues Moura da Silva,MID,TOT,9,v,"Lucas Moura (MID, v)",0.8,-0.5,0.367,2,0.734,0,1,1,1.3624,~
465,Jarrod,Bowen,MID,WHU,121,~,"Bowen (MID, ~)",3.9,5.4,4.4,3,13.2,2,2,2,0.15152,vv
461,Kurt,Zouma,DEF,WHU,85,~,"Zouma (DEF, ~)",3.9,5.0,4.267,3,12.801,1,1,0,0.0,vv
455,Lukasz,Fabianski,GKP,WHU,110,~,"Fabianski (GKP, ~)",3.8,4.8,4.133,3,12.399,1,0,2,0.1613,vv
457,Aaron,Cresswell,DEF,WHU,64,^,"Cresswell (DEF, ^)",2.8,4.2,3.267,3,9.801,1,1,1,0.10203,vv
472,Nayef,Aguerd,DEF,WHU,41,~,"Aguerd (DEF, ~)",3.2,4.0,3.467,3,10.401,1,6,0,0.0,vv
603,Lucas,Tolentino Coelho de Lima,MID,WHU,77,^,"Paquetá (MID, ^)",3.5,3.6,3.533,3,10.599,8,2,2,0.1887,vv
467,Declan,Rice,MID,WHU,97,^,"Rice (MID, ^)",3.1,3.6,3.267,3,9.801,2,2,0,0.0,vv
463,Vladimir,Coufal,DEF,WHU,53,^,"Coufal (DEF, ^)",2.4,3.6,2.8,3,8.4,1,-1,2,0.2381,vv
588,Thilo,Kehrer,DEF,WHU,58,~,"Kehrer (DEF, ~)",2.5,3.4,2.8,3,8.4,0,0,1,0.11905,vv
464,Saïd,Benrahma,MID,WHU,88,^,"Benrahma (MID, ^)",3.0,3.2,3.067,3,9.201,2,1,1,0.10868,vv
468,Tomas,Soucek,MID,WHU,77,~,"Soucek (MID, ~)",2.5,3.2,2.733,3,8.199,2,15,0,0.0,vv
458,Michail,Antonio,FWD,WHU,66,^,"Antonio (FWD, ^)",2.4,2.6,2.467,3,7.401,5,7,2,0.27023,vv
456,Angelo,Ogbonna,DEF,WHU,33,v,"Ogbonna (DEF, v)",3.0,1.8,2.6,3,7.8,0,1,1,0.12821,vv
469,Pablo,Fornals Malla,MID,WHU,54,^,"Fornals (MID, ^)",2.1,1.8,2.0,3,6.0,0,1,2,0.33333,vv
30,Danny,Ings,FWD,WHU,84,v,"Ings (FWD, v)",2.9,1.2,2.333,3,6.999,1,1,1,0.14288,vv
545,Emerson,Palmieri dos Santos,DEF,WHU,33,v,"Emerson (DEF, v)",2.1,1.0,1.733,3,5.199,0,0,1,0.19234,vv
509,Flynn,Downes,MID,WHU,21,~,"Downes (MID, ~)",1.2,0.8,1.067,3,3.201,0,0,1,0.3124,vv
575,Maxwel,Cornet,MID,WHU,10,~,"Cornet (MID, ~)",1.0,0.8,0.933,3,2.799,1,1,0,0.0,vv
529,Gianluca,Scamacca,FWD,WHU,41,v,"Scamacca (FWD, v)",2.6,0.0,1.733,3,5.199,0,0,0,0.0,vv
471,Ben,Johnson,DEF,WHU,26,v,"Johnson (DEF, v)",2.0,0.0,1.333,3,3.999,0,0,0,0.0,vv
473,Alphonse,Areola,GKP,WHU,7,v,"Areola (GKP, v)",1.4,0.0,0.933,3,2.799,0,0,0,0.0,vv
460,Manuel,Lanzini,MID,WHU,7,v,"Lanzini (MID, v)",1.0,0.0,0.667,3,2.001,0,0,0,0.0,vv
556,Conor,Coventry,MID,WHU,1,v,"Coventry (MID, v)",1.0,0.0,0.667,3,2.001,0,0,0,0.0,vv
669,Divin,Mubama,FWD,WHU,1,v,"Mubama (FWD, v)",1.0,0.0,0.667,3,2.001,0,0,0,0.0,vv
462,Arthur,Masuaku,DEF,WHU,0,?,"Masuaku (DEF, ?)",0.0,0.0,0.0,3,0.0,0,0,0,,?
466,Nikola,Vlasic,MID,WHU,0,?,"Vlasic (MID, ?)",0.0,0.0,0.0,3,0.0,0,0,0,,?
572,Armstrong,Oko-Flex,MID,WHU,0,?,"Oko-Flex (MID, ?)",0.0,0.0,0.0,3,0.0,0,0,0,,?
739,Joseph,Anang,GKP,WHU,0,?,"Anang (GKP, ?)",0.0,0.0,0.0,3,0.0,0,0,0,,?
740,Krisztián,Hegyi,GKP,WHU,0,?,"Hegyi (GKP, ?)",0.0,0.0,0.0,3,0.0,0,0,0,,?
746,Kaelan,Casey,DEF,WHU,0,?,"Casey (DEF, ?)",0.0,0.0,0.0,3,0.0,0,0,0,,?
478,José,Malheiro de Sá,GKP,WOL,131,~,"Sá (GKP, ~)",4.1,5.0,4.4,2,8.8,8,-1,7,0.79545,~
459,Craig,Dawson,DEF,WOL,62,~,"Dawson (DEF, ~)",3.1,4.2,3.467,2,6.934,6,-1,5,0.72108,~
589,Matheus Luiz,Nunes,MID,WOL,69,~,"Matheus (MID, ~)",2.6,4.2,3.133,2,6.266,3,2,5,0.79796,~
482,Nélson,Cabral Semedo,DEF,WOL,63,~,"Semedo (DEF, ~)",2.1,4.2,2.8,2,5.6,6,-1,5,0.89286,~
484,Max,Kilman,DEF,WOL,96,~,"Kilman (DEF, ~)",3.0,4.0,3.333,2,6.666,6,-1,5,0.75008,~
682,Matheus,Santos Carneiro Da Cunha,FWD,WOL,32,^,"Cunha (FWD, ^)",2.5,3.5,2.833,2,5.666,2,0,2,0.35298,vv
483,Daniel,Castelo Podence,MID,WOL,87,v,"Podence (MID, v)",3.0,3.2,3.067,2,6.134,0,1,1,0.16303,vv
489,Toti António,Gomes,DEF,WOL,24,~,"Toti (DEF, ~)",2.2,3.2,2.533,2,5.066,0,0,0,0.0,vv
625,Diego,Da Silva Costa,FWD,WOL,28,^,"Diego Costa (FWD, ^)",1.6,3.2,2.133,2,4.266,1,1,2,0.46882,v
698,Mario,Lemina,MID,WOL,22,^,"Lemina (MID, ^)",1.7,2.5,1.967,2,3.934,3,2,5,1.27097,~
481,Hwang,Hee-chan,MID,WOL,41,^,"Hwang (MID, ^)",2.0,2.0,2.0,2,4.0,3,1,4,1.0,~
721,João Victor,Gomes da Silva,MID,WOL,16,~,"João Gomes (MID, ~)",2.3,1.5,2.033,2,4.066,0,1,1,0.24594,vv
486,Pedro,Lomba Neto,MID,WOL,27,v,"Neto (MID, v)",1.9,1.5,1.767,2,3.534,4,2,6,1.69779,^^
704,Pablo,Sarabia,MID,WOL,24,~,"Sarabia (MID, ~)",2.0,1.2,1.733,2,3.466,0,0,0,0.0,vv
491,Adama,Traoré Diarra,MID,WOL,56,v,"Adama (MID, v)",2.0,1.0,1.667,2,3.334,1,0,1,0.29994,vv
503,João Filipe Iria,Santos Moutinho,MID,WOL,55,~,"Moutinho (MID, ~)",1.8,0.8,1.467,2,2.934,0,0,0,0.0,vv
480,Rúben,da Silva Neves,MID,WOL,92,v,"Neves (MID, v)",3.2,0.5,2.3,2,4.6,13,2,15,3.26087,^^^
558,Hugo,Bueno López,DEF,WOL,34,v,"Bueno (DEF, v)",2.0,0.5,1.5,2,3.0,7,-1,6,2.0,^^^
516,Nathan,Collins,DEF,WOL,45,v,"Collins (DEF, v)",2.1,0.2,1.467,2,2.934,1,0,1,0.34083,vv
477,Jonathan,Castro Otto,DEF,WOL,45,v,"Jonny (DEF, v)",2.5,0.0,1.667,2,3.334,0,0,0,0.0,vv
579,Gonçalo Manuel,Ganchinho Guedes,MID,WOL,29,v,"Guedes (MID, v)",2.2,0.0,1.467,2,2.934,0,0,0,0.0,vv
487,Rayan,Aït-Nouri,DEF,WOL,41,v,"Aït-Nouri (DEF, v)",2.0,0.0,1.333,2,2.666,0,0,0,0.0,vv
476,Raúl,Jiménez,FWD,WOL,26,v,"Jiménez (FWD, v)",2.0,0.0,1.333,2,2.666,0,0,0,0.0,vv
629,Boubacar,Traoré,MID,WOL,12,v,"Traoré (MID, v)",1.5,0.0,1.0,2,2.0,0,0,0,0.0,vv
568,Chem,Campbell,MID,WOL,5,v,"Campbell (MID, v)",1.0,0.0,0.667,2,1.334,0,0,0,0.0,vv
567,Connor,Ronan,MID,WOL,1,v,"Ronan (MID, v)",1.0,0.0,0.667,2,1.334,0,0,0,0.0,vv
608,Sasa,Kalajdzic,FWD,WOL,1,v,"Kalajdžić (FWD, v)",1.0,0.0,0.667,2,1.334,0,0,0,0.0,vv
664,Dexter,Lembikisa,DEF,WOL,1,v,"Lembikisa (DEF, v)",1.0,0.0,0.667,2,1.334,0,0,0,0.0,vv
566,Joseph,Hodge,MID,WOL,4,v,"Hodge (MID, v)",0.8,0.0,0.533,2,1.066,0,0,0,0.0,vv
485,Luke,Cundle,MID,WOL,0,?,"Cundle (MID, ?)",0.0,0.0,0.0,2,0.0,0,0,0,,?
488,Fabio,Silva,FWD,WOL,0,?,"Fabio Silva (FWD, ?)",0.0,0.0,0.0,2,0.0,0,0,0,,?
490,Francisco Jorge,Tomás Oliveira,MID,WOL,0,?,"Chiquinho (MID, ?)",0.0,0.0,0.0,2,0.0,0,0,0,,?
492,Matija,Šarkić,GKP,WOL,0,?,"Šarkić (GKP, ?)",0.0,0.0,0.0,2,0.0,0,0,0,,?
494,Yerson,Mosquera Valdelamar,DEF,WOL,0,?,"Mosquera (DEF, ?)",0.0,0.0,0.0,2,0.0,0,0,0,,?
557,Jackson,Smith,GKP,WOL,0,?,"Smith (GKP, ?)",0.0,0.0,0.0,2,0.0,0,0,0,,?
657,Nathan,Fraser,FWD,WOL,0,?,"Fraser (FWD, ?)",0.0,0.0,0.0,2,0.0,0,0,0,,?
658,Harvey,Griffiths,MID,WOL,0,?,"Griffiths (MID, ?)",0.0,0.0,0.0,2,0.0,0,0,0,,?
717,Daniel,Bentley,GKP,WOL,0,?,"Bentley (GKP, ?)",0.0,0.0,0.0,2,0.0,0,0,0,,?
