id,1st_name,2nd_name,position,team,tot_pts,prvGWsPtsTrend,web_name,pts/game,form,xPts,fplAdv_nxtGWs,fplAdv*xPts,defAdv_nxtGWs,defAdv*xPts,attAdv_nxtGWs,attAdv*xPts,avgAdv*xPts,#OfMatches_nxtGWs,tot_xPts,gw3Pts,gw4Pts,gw5Pts,gw6Pts,tot_aPts,tot_aPts/tot_xPts,nxtGWsPtsTrend
13,Eddie,Nketiah,FWD,ARS,13,?,"Nketiah (FWD, ?)",6.5,6.5,6.5,5,32.5,11,0.0,-1,-0.15384615384615385,16.173076923076923,4,26.0,0,0,0,0,0,0,?
14,Martin,Ødegaard,MID,ARS,13,?,"Ødegaard (MID, ?)",6.5,6.5,6.5,5,32.5,11,0.0,-1,-0.15384615384615385,16.173076923076923,4,26.0,0,0,0,0,0,0,?
19,Bukayo,Saka,MID,ARS,13,?,"Saka (MID, ?)",6.5,6.5,6.5,5,32.5,11,0.0,-1,-0.15384615384615385,16.173076923076923,4,26.0,0,0,0,0,0,0,?
20,William,Saliba,DEF,ARS,13,?,"Saliba (DEF, ?)",6.5,6.5,6.5,5,32.5,11,71.5,-1,0.0,52.0,4,26.0,0,0,0,0,0,0,?
12,Gabriel,Martinelli Silva,MID,ARS,8,?,"Martinelli (MID, ?)",4.0,4.0,4.0,5,20.0,11,0.0,-1,-0.25,9.875,4,16.0,0,0,0,0,0,0,?
17,Aaron,Ramsdale,GKP,ARS,8,?,"Ramsdale (GKP, ?)",4.0,4.0,4.0,5,20.0,11,44.0,-1,0.0,32.0,4,16.0,0,0,0,0,0,0,?
29,Benjamin,White,DEF,ARS,8,?,"White (DEF, ?)",4.0,4.0,4.0,5,20.0,11,44.0,-1,0.0,32.0,4,16.0,0,0,0,0,0,0,?
15,Thomas,Partey,MID,ARS,5,?,"Thomas (MID, ?)",2.5,2.5,2.5,5,12.5,11,0.0,-1,-0.4,6.05,4,10.0,0,0,0,0,0,0,?
540,Declan,Rice,MID,ARS,5,?,"Rice (MID, ?)",2.5,2.5,2.5,5,12.5,11,0.0,-1,-0.4,6.05,4,10.0,0,0,0,0,0,0,?
6,Kai,Havertz,MID,ARS,4,?,"Havertz (MID, ?)",2.0,2.0,2.0,5,10.0,11,0.0,-1,-0.5,4.75,4,8.0,0,0,0,0,0,0,?
25,Takehiro,Tomiyasu,DEF,ARS,4,?,"Tomiyasu (DEF, ?)",2.0,2.0,2.0,5,10.0,11,22.0,-1,0.0,16.0,4,8.0,0,0,0,0,0,0,?
5,Gabriel,dos Santos Magalhães,DEF,ARS,2,?,"Gabriel (DEF, ?)",1.0,1.0,1.0,5,5.0,11,11.0,-1,0.0,8.0,4,4.0,0,0,0,0,0,0,?
9,Jorge Luiz,Frello Filho,MID,ARS,1,?,"Jorginho (MID, ?)",1.0,0.5,0.833,5,4.165,11,0.0,-1,-1.2004801920768309,1.4822599039615847,4,3.332,0,0,0,0,0,0,?
10,Jakub,Kiwior,DEF,ARS,1,?,"Kiwior (DEF, ?)",1.0,0.5,0.833,5,4.165,11,9.163,-1,0.0,6.664,4,3.332,0,0,0,0,0,0,?
26,Leandro,Trossard,MID,ARS,1,?,"Trossard (MID, ?)",1.0,0.5,0.833,5,4.165,11,0.0,-1,-1.2004801920768309,1.4822599039615847,4,3.332,0,0,0,0,0,0,?
31,Oleksandr,Zinchenko,DEF,ARS,1,?,"Zinchenko (DEF, ?)",1.0,0.5,0.833,5,4.165,11,9.163,-1,0.0,6.664,4,3.332,0,0,0,0,0,0,?
1,Folarin,Balogun,FWD,ARS,0,?,"Balogun (FWD, ?)",0.0,0.0,0.0,5,0.0,11,0.0,-1,-inf,-inf,4,0.0,0,0,0,0,0,0,?
2,Cédric,Alves Soares,DEF,ARS,0,?,"Cédric (DEF, ?)",0.0,0.0,0.0,5,0.0,11,0.0,-1,0.0,0.0,4,0.0,0,0,0,0,0,0,?
3,Mohamed,Elneny,MID,ARS,0,?,"M.Elneny (MID, ?)",0.0,0.0,0.0,5,0.0,11,0.0,-1,-inf,-inf,4,0.0,0,0,0,0,0,0,?
4,Fábio,Ferreira Vieira,MID,ARS,0,?,"Fábio Vieira (MID, ?)",0.0,0.0,0.0,5,0.0,11,0.0,-1,-inf,-inf,4,0.0,0,0,0,0,0,0,?
7,Rob,Holding,DEF,ARS,0,?,"Holding (DEF, ?)",0.0,0.0,0.0,5,0.0,11,0.0,-1,0.0,0.0,4,0.0,0,0,0,0,0,0,?
8,Gabriel,Fernando de Jesus,FWD,ARS,0,?,"G.Jesus (FWD, ?)",0.0,0.0,0.0,5,0.0,11,0.0,-1,-inf,-inf,4,0.0,0,0,0,0,0,0,?
11,Marcus,Oliveira Alencar,MID,ARS,0,?,"Marquinhos (MID, ?)",0.0,0.0,0.0,5,0.0,11,0.0,-1,-inf,-inf,4,0.0,0,0,0,0,0,0,?
16,Nicolas,Pépé,MID,ARS,0,?,"Pepe (MID, ?)",0.0,0.0,0.0,5,0.0,11,0.0,-1,-inf,-inf,4,0.0,0,0,0,0,0,0,?
18,Rúnar Alex,Rúnarsson,GKP,ARS,0,?,"Rúnarsson (GKP, ?)",0.0,0.0,0.0,5,0.0,11,0.0,-1,0.0,0.0,4,0.0,0,0,0,0,0,0,?
21,Albert,Sambi Lokonga,MID,ARS,0,?,"Sambi (MID, ?)",0.0,0.0,0.0,5,0.0,11,0.0,-1,-inf,-inf,4,0.0,0,0,0,0,0,0,?
22,Emile,Smith Rowe,MID,ARS,0,?,"Smith Rowe (MID, ?)",0.0,0.0,0.0,5,0.0,11,0.0,-1,-inf,-inf,4,0.0,0,0,0,0,0,0,?
23,Nuno,Varela Tavares,DEF,ARS,0,?,"Tavares (DEF, ?)",0.0,0.0,0.0,5,0.0,11,0.0,-1,0.0,0.0,4,0.0,0,0,0,0,0,0,?
24,Kieran,Tierney,DEF,ARS,0,?,"Tierney (DEF, ?)",0.0,0.0,0.0,5,0.0,11,0.0,-1,0.0,0.0,4,0.0,0,0,0,0,0,0,?
30,Granit,Xhaka,MID,ARS,0,?,"Xhaka (MID, ?)",0.0,0.0,0.0,5,0.0,11,0.0,-1,-inf,-inf,4,0.0,0,0,0,0,0,0,?
113,David,Raya Martin,GKP,ARS,0,?,"Raya (GKP, ?)",0.0,0.0,0.0,5,0.0,11,0.0,-1,0.0,0.0,4,0.0,0,0,0,0,0,0,?
578,Reiss,Nelson,MID,ARS,0,?,"Nelson (MID, ?)",0.0,0.0,0.0,5,0.0,11,0.0,-1,-inf,-inf,4,0.0,0,0,0,0,0,0,?
585,Jurriën,Timber,DEF,ARS,0,?,"J.Timber (DEF, ?)",0.0,0.0,0.0,5,0.0,11,0.0,-1,0.0,0.0,4,0.0,0,0,0,0,0,0,?
646,Karl,Hein,GKP,ARS,0,?,"Hein (GKP, ?)",0.0,0.0,0.0,5,0.0,11,0.0,-1,0.0,0.0,4,0.0,0,0,0,0,0,0,?
34,Leon,Bailey,MID,AVL,15,?,"Bailey (MID, ?)",7.5,7.5,7.5,11,82.5,6,0.0,9,67.5,75.0,4,30.0,0,0,0,0,0,0,?
50,John,McGinn,MID,AVL,12,?,"McGinn (MID, ?)",6.0,6.0,6.0,11,66.0,6,0.0,9,54.0,60.0,4,24.0,0,0,0,0,0,0,?
60,Ollie,Watkins,FWD,AVL,10,?,"Watkins (FWD, ?)",5.0,5.0,5.0,11,55.0,6,0.0,9,45.0,50.0,4,20.0,0,0,0,0,0,0,?
599,Moussa,Diaby,MID,AVL,10,?,"Diaby (MID, ?)",5.0,5.0,5.0,11,55.0,6,0.0,9,45.0,50.0,4,20.0,0,0,0,0,0,0,?
42,Lucas,Digne,DEF,AVL,9,?,"Digne (DEF, ?)",4.5,4.5,4.5,11,49.5,6,27.0,9,0.0,38.25,4,18.0,0,0,0,0,0,0,?
49,Emiliano,Martínez Romero,GKP,AVL,9,?,"Martinez (GKP, ?)",4.5,4.5,4.5,11,49.5,6,27.0,9,0.0,38.25,4,18.0,0,0,0,0,0,0,?
43,Douglas Luiz,Soares de Paulo,MID,AVL,8,?,"Douglas Luiz (MID, ?)",4.0,4.0,4.0,11,44.0,6,0.0,9,36.0,40.0,4,16.0,0,0,0,0,0,0,?
44,Jhon,Durán,FWD,AVL,7,?,"Duran (FWD, ?)",7.0,3.5,5.833,11,64.163,6,0.0,9,52.497,58.33,4,23.332,0,0,0,0,0,0,?
48,Ezri,Konsa Ngoyo,DEF,AVL,6,?,"Konsa (DEF, ?)",3.0,3.0,3.0,11,33.0,6,18.0,9,0.0,25.5,4,12.0,0,0,0,0,0,0,?
584,Pau,Torres,DEF,AVL,6,?,"Pau (DEF, ?)",3.0,3.0,3.0,11,33.0,6,18.0,9,0.0,25.5,4,12.0,0,0,0,0,0,0,?
36,Matty,Cash,DEF,AVL,5,?,"Cash (DEF, ?)",2.5,2.5,2.5,11,27.5,6,15.0,9,0.0,21.25,4,10.0,0,0,0,0,0,0,?
47,Boubacar,Kamara,MID,AVL,5,?,"Kamara (MID, ?)",2.5,2.5,2.5,11,27.5,6,0.0,9,22.5,25.0,4,10.0,0,0,0,0,0,0,?
38,Philippe,Coutinho Correia,MID,AVL,2,?,"Coutinho (MID, ?)",1.0,1.0,1.0,11,11.0,6,0.0,9,9.0,10.0,4,4.0,0,0,0,0,0,0,?
58,Youri,Tielemans,MID,AVL,2,?,"Tielemans (MID, ?)",1.0,1.0,1.0,11,11.0,6,0.0,9,9.0,10.0,4,4.0,0,0,0,0,0,0,?
54,Jaden,Philogene-Bidace,MID,AVL,1,?,"Philogene (MID, ?)",1.0,0.5,0.833,11,9.163,6,0.0,9,7.497,8.33,4,3.332,0,0,0,0,0,0,?
41,Diego Carlos,Santos Silva,DEF,AVL,1,?,"Diego Carlos (DEF, ?)",0.5,0.5,0.5,11,5.5,6,3.0,9,0.0,4.25,4,2.0,0,0,0,0,0,0,?
32,Alexandre,Moreno Lopera,DEF,AVL,0,?,"Alex Moreno (DEF, ?)",0.0,0.0,0.0,11,0.0,6,0.0,9,0.0,0.0,4,0.0,0,0,0,0,0,0,?
33,Cameron,Archer,FWD,AVL,0,?,"Archer (FWD, ?)",0.0,0.0,0.0,11,0.0,6,0.0,9,0.0,0.0,4,0.0,0,0,0,0,0,0,?
35,Emiliano,Buendía Stati,MID,AVL,0,?,"Buendia (MID, ?)",0.0,0.0,0.0,11,0.0,6,0.0,9,0.0,0.0,4,0.0,0,0,0,0,0,0,?
37,Calum,Chambers,DEF,AVL,0,?,"Chambers (DEF, ?)",0.0,0.0,0.0,11,0.0,6,0.0,9,0.0,0.0,4,0.0,0,0,0,0,0,0,?
39,Keinan,Davis,FWD,AVL,0,?,"Davis (FWD, ?)",0.0,0.0,0.0,11,0.0,6,0.0,9,0.0,0.0,4,0.0,0,0,0,0,0,0,?
40,Leander,Dendoncker,MID,AVL,0,?,"Dendoncker (MID, ?)",0.0,0.0,0.0,11,0.0,6,0.0,9,0.0,0.0,4,0.0,0,0,0,0,0,0,?
45,Kortney,Hause,DEF,AVL,0,?,"Hause (DEF, ?)",0.0,0.0,0.0,11,0.0,6,0.0,9,0.0,0.0,4,0.0,0,0,0,0,0,0,?
46,Tim,Iroegbunam,MID,AVL,0,?,"Iroegbunam (MID, ?)",0.0,0.0,0.0,11,0.0,6,0.0,9,0.0,0.0,4,0.0,0,0,0,0,0,0,?
51,Tyrone,Mings,DEF,AVL,0,?,"Mings (DEF, ?)",0.0,0.0,0.0,11,0.0,6,0.0,9,0.0,0.0,4,0.0,0,0,0,0,0,0,?
53,Robin,Olsen,GKP,AVL,0,?,"Olsen (GKP, ?)",0.0,0.0,0.0,11,0.0,6,0.0,9,0.0,0.0,4,0.0,0,0,0,0,0,0,?
55,Jacob,Ramsey,MID,AVL,0,?,"J.Ramsey (MID, ?)",0.0,0.0,0.0,11,0.0,6,0.0,9,0.0,0.0,4,0.0,0,0,0,0,0,0,?
56,Morgan,Sanson,MID,AVL,0,?,"Sanson (MID, ?)",0.0,0.0,0.0,11,0.0,6,0.0,9,0.0,0.0,4,0.0,0,0,0,0,0,0,?
57,Viljami,Sinisalo,GKP,AVL,0,?,"Sinisalo (GKP, ?)",0.0,0.0,0.0,11,0.0,6,0.0,9,0.0,0.0,4,0.0,0,0,0,0,0,0,?
59,Bertrand,Traoré,MID,AVL,0,?,"Bertrand Traoré (MID, ?)",0.0,0.0,0.0,11,0.0,6,0.0,9,0.0,0.0,4,0.0,0,0,0,0,0,0,?
61,Wesley,Moraes Ferreira da Silva,FWD,AVL,0,?,"Wesley (FWD, ?)",0.0,0.0,0.0,11,0.0,6,0.0,9,0.0,0.0,4,0.0,0,0,0,0,0,0,?
618,Omari,Kellyman,MID,AVL,0,?,"Kellyman (MID, ?)",0.0,0.0,0.0,11,0.0,6,0.0,9,0.0,0.0,4,0.0,0,0,0,0,0,0,?
670,Filip,Marschall,GKP,AVL,0,?,"Marschall (GKP, ?)",0.0,0.0,0.0,11,0.0,6,0.0,9,0.0,0.0,4,0.0,0,0,0,0,0,0,?
672,Nicolò,Zaniolo,MID,AVL,0,?,"Zaniolo (MID, ?)",0.0,0.0,0.0,11,0.0,6,0.0,9,0.0,0.0,4,0.0,0,0,0,0,0,0,?
140,Solly,March,MID,BHA,24,?,"March (MID, ?)",12.0,12.0,12.0,7,84.0,-2,0.0,8,96.0,90.0,4,48.0,0,0,0,0,0,0,?
131,Pervis,Estupiñán,DEF,BHA,18,?,"Estupiñan (DEF, ?)",9.0,9.0,9.0,7,63.0,-2,-0.2222222222222222,8,0.0,31.38888888888889,4,36.0,0,0,0,0,0,0,?
143,Kaoru,Mitoma,MID,BHA,17,?,"Mitoma (MID, ?)",8.5,8.5,8.5,7,59.5,-2,0.0,8,68.0,63.75,4,34.0,0,0,0,0,0,0,?
130,Julio,Enciso,MID,BHA,8,?,"Enciso (MID, ?)",4.0,4.0,4.0,7,28.0,-2,0.0,8,32.0,30.0,4,16.0,0,0,0,0,0,0,?
135,João Pedro,Junqueira de Jesus,FWD,BHA,7,?,"João Pedro (FWD, ?)",3.5,3.5,3.5,7,24.5,-2,0.0,8,28.0,26.25,4,14.0,0,0,0,0,0,0,?
122,Simon,Adingra,MID,BHA,6,?,"Adingra (MID, ?)",6.0,3.0,5.0,7,35.0,-2,0.0,8,40.0,37.5,4,20.0,0,0,0,0,0,0,?
132,Evan,Ferguson,FWD,BHA,6,?,"Ferguson (FWD, ?)",3.0,3.0,3.0,7,21.0,-2,0.0,8,24.0,22.5,4,12.0,0,0,0,0,0,0,?
148,Jason,Steele,GKP,BHA,5,?,"Steele (GKP, ?)",2.5,2.5,2.5,7,17.5,-2,-0.8,8,0.0,8.35,4,10.0,0,0,0,0,0,0,?
128,Mahmoud,Dahoud,MID,BHA,4,?,"Dahoud (MID, ?)",2.0,2.0,2.0,7,14.0,-2,0.0,8,16.0,15.0,4,8.0,0,0,0,0,0,0,?
129,Lewis,Dunk,DEF,BHA,4,?,"Dunk (DEF, ?)",2.0,2.0,2.0,7,14.0,-2,-1.0,8,0.0,6.5,4,8.0,0,0,0,0,0,0,?
133,Billy,Gilmour,MID,BHA,3,?,"Gilmour (MID, ?)",1.5,1.5,1.5,7,10.5,-2,0.0,8,12.0,11.25,4,6.0,0,0,0,0,0,0,?
134,Pascal,Groß,MID,BHA,3,?,"Gross (MID, ?)",1.5,1.5,1.5,7,10.5,-2,0.0,8,12.0,11.25,4,6.0,0,0,0,0,0,0,?
142,James,Milner,MID,BHA,3,?,"Milner (MID, ?)",1.5,1.5,1.5,7,10.5,-2,0.0,8,12.0,11.25,4,6.0,0,0,0,0,0,0,?
154,Danny,Welbeck,FWD,BHA,3,?,"Welbeck (FWD, ?)",1.5,1.5,1.5,7,10.5,-2,0.0,8,12.0,11.25,4,6.0,0,0,0,0,0,0,?
150,Jan Paul,van Hecke,DEF,BHA,2,?,"Van Hecke (DEF, ?)",2.0,1.0,1.667,7,11.669,-2,-1.1997600479904018,8,0.0,5.234619976004799,4,6.668,0,0,0,0,0,0,?
151,Joël,Veltman,DEF,BHA,2,?,"Veltman (DEF, ?)",1.0,1.0,1.0,7,7.0,-2,-2.0,8,0.0,2.5,4,4.0,0,0,0,0,0,0,?
138,Adam,Lallana,MID,BHA,1,?,"Lallana (MID, ?)",1.0,0.5,0.833,7,5.8309999999999995,-2,0.0,8,6.664,6.2475,4,3.332,0,0,0,0,0,0,?
153,Adam,Webster,DEF,BHA,1,?,"Webster (DEF, ?)",1.0,0.5,0.833,7,5.8309999999999995,-2,-2.4009603841536618,8,0.0,1.7150198079231689,4,3.332,0,0,0,0,0,0,?
123,Steven,Alzate,MID,BHA,0,?,"Alzate (MID, ?)",0.0,0.0,0.0,7,0.0,-2,0.0,8,0.0,0.0,4,0.0,0,0,0,0,0,0,?
124,Yasin,Ayari,MID,BHA,0,?,"Ayari (MID, ?)",0.0,0.0,0.0,7,0.0,-2,0.0,8,0.0,0.0,4,0.0,0,0,0,0,0,0,?
125,Facundo,Buonanotte,MID,BHA,0,?,"Buonanotte (MID, ?)",0.0,0.0,0.0,7,0.0,-2,0.0,8,0.0,0.0,4,0.0,0,0,0,0,0,0,?
127,Aaron,Connolly,FWD,BHA,0,?,"Connolly (FWD, ?)",0.0,0.0,0.0,7,0.0,-2,0.0,8,0.0,0.0,4,0.0,0,0,0,0,0,0,?
136,Michał,Karbownik,DEF,BHA,0,?,"Karbownik (DEF, ?)",0.0,0.0,0.0,7,0.0,-2,-inf,8,0.0,-inf,4,0.0,0,0,0,0,0,0,?
137,Kacper,Kozłowski,MID,BHA,0,?,"Kozłowski (MID, ?)",0.0,0.0,0.0,7,0.0,-2,0.0,8,0.0,0.0,4,0.0,0,0,0,0,0,0,?
139,Tariq,Lamptey,DEF,BHA,0,?,"Lamptey (DEF, ?)",0.0,0.0,0.0,7,0.0,-2,-inf,8,0.0,-inf,4,0.0,0,0,0,0,0,0,?
141,Tom,McGill,GKP,BHA,0,?,"McGill (GKP, ?)",0.0,0.0,0.0,7,0.0,-2,-inf,8,0.0,-inf,4,0.0,0,0,0,0,0,0,?
144,Jakub,Moder,MID,BHA,0,?,"Moder (MID, ?)",0.0,0.0,0.0,7,0.0,-2,0.0,8,0.0,0.0,4,0.0,0,0,0,0,0,0,?
146,Jeremy,Sarmiento Morante,MID,BHA,0,?,"Sarmiento (MID, ?)",0.0,0.0,0.0,7,0.0,-2,0.0,8,0.0,0.0,4,0.0,0,0,0,0,0,0,?
147,Kjell,Scherpen,GKP,BHA,0,?,"Scherpen (GKP, ?)",0.0,0.0,0.0,7,0.0,-2,-inf,8,0.0,-inf,4,0.0,0,0,0,0,0,0,?
149,Deniz,Undav,FWD,BHA,0,?,"Undav (FWD, ?)",0.0,0.0,0.0,7,0.0,-2,0.0,8,0.0,0.0,4,0.0,0,0,0,0,0,0,?
152,Bart,Verbruggen,GKP,BHA,0,?,"Verbruggen (GKP, ?)",0.0,0.0,0.0,7,0.0,-2,-inf,8,0.0,-inf,4,0.0,0,0,0,0,0,0,?
155,Andi,Zeqiri,FWD,BHA,0,?,"Zeqiri (FWD, ?)",0.0,0.0,0.0,7,0.0,-2,0.0,8,0.0,0.0,4,0.0,0,0,0,0,0,0,?
606,Igor Julio,dos Santos de Paulo,DEF,BHA,0,?,"Igor (DEF, ?)",0.0,0.0,0.0,7,0.0,-2,-inf,8,0.0,-inf,4,0.0,0,0,0,0,0,0,?
621,Jack,Hinshelwood,MID,BHA,0,?,"Hinshelwood (MID, ?)",0.0,0.0,0.0,7,0.0,-2,0.0,8,0.0,0.0,4,0.0,0,0,0,0,0,0,?
77,Norberto,Murara Neto,GKP,BOU,12,?,"Neto (GKP, ?)",6.0,6.0,6.0,-8,-1.3333333333333333,-9,-1.5,-2,0.0,-1.4166666666666665,4,24.0,0,0,0,0,0,0,?
85,Dominic,Solanke,FWD,BOU,12,?,"Solanke (FWD, ?)",6.0,6.0,6.0,-8,-1.3333333333333333,-9,0.0,-2,-0.3333333333333333,-0.8333333333333333,4,24.0,0,0,0,0,0,0,?
82,Antoine,Semenyo,FWD,BOU,10,?,"Semenyo (FWD, ?)",5.0,5.0,5.0,-8,-1.6,-9,0.0,-2,-0.4,-1.0,4,20.0,0,0,0,0,0,0,?
63,Philip,Billing,MID,BOU,4,?,"Billing (MID, ?)",2.0,2.0,2.0,-8,-4.0,-9,0.0,-2,-1.0,-2.5,4,8.0,0,0,0,0,0,0,?
65,Ryan,Christie,MID,BOU,4,?,"Christie (MID, ?)",2.0,2.0,2.0,-8,-4.0,-9,0.0,-2,-1.0,-2.5,4,8.0,0,0,0,0,0,0,?
81,Joe,Rothwell,MID,BOU,4,?,"Rothwell (MID, ?)",2.0,2.0,2.0,-8,-4.0,-9,0.0,-2,-1.0,-2.5,4,8.0,0,0,0,0,0,0,?
64,David,Brooks,MID,BOU,3,?,"Brooks (MID, ?)",1.5,1.5,1.5,-8,-5.333333333333333,-9,0.0,-2,-1.3333333333333333,-3.333333333333333,4,6.0,0,0,0,0,0,0,?
89,Illia,Zabarnyi,DEF,BOU,3,?,"Zabarnyi (DEF, ?)",1.5,1.5,1.5,-8,-5.333333333333333,-9,-6.0,-2,0.0,-5.666666666666666,4,6.0,0,0,0,0,0,0,?
595,Milos,Kerkez,DEF,BOU,3,?,"Kerkez (DEF, ?)",1.5,1.5,1.5,-8,-5.333333333333333,-9,-6.0,-2,0.0,-5.666666666666666,4,6.0,0,0,0,0,0,0,?
643,Max,Aarons,DEF,BOU,3,?,"Aarons (DEF, ?)",1.5,1.5,1.5,-8,-5.333333333333333,-9,-6.0,-2,0.0,-5.666666666666666,4,6.0,0,0,0,0,0,0,?
62,Jaidon,Anthony,MID,BOU,2,?,"Anthony (MID, ?)",1.0,1.0,1.0,-8,-8.0,-9,0.0,-2,-2.0,-5.0,4,4.0,0,0,0,0,0,0,?
72,Justin,Kluivert,MID,BOU,2,?,"Kluivert (MID, ?)",1.0,1.0,1.0,-8,-8.0,-9,0.0,-2,-2.0,-5.0,4,4.0,0,0,0,0,0,0,?
76,Kieffer,Moore,FWD,BOU,2,?,"Moore (FWD, ?)",1.0,1.0,1.0,-8,-8.0,-9,0.0,-2,-2.0,-5.0,4,4.0,0,0,0,0,0,0,?
83,Marcos,Senesi,DEF,BOU,2,?,"Senesi (DEF, ?)",1.0,1.0,1.0,-8,-8.0,-9,-9.0,-2,0.0,-8.5,4,4.0,0,0,0,0,0,0,?
69,James,Hill,DEF,BOU,1,?,"Hill (DEF, ?)",1.0,0.5,0.833,-8,-9.603841536614647,-9,-10.804321728691477,-2,0.0,-10.204081632653061,4,3.332,0,0,0,0,0,0,?
70,Lloyd,Kelly,DEF,BOU,1,?,"Kelly (DEF, ?)",1.0,0.5,0.833,-8,-9.603841536614647,-9,-10.804321728691477,-2,0.0,-10.204081632653061,4,3.332,0,0,0,0,0,0,?
87,Hamed,Traorè,MID,BOU,1,?,"Hamed Traorè (MID, ?)",1.0,0.5,0.833,-8,-9.603841536614647,-9,0.0,-2,-2.4009603841536618,-6.002400960384154,4,3.332,0,0,0,0,0,0,?
66,Lewis,Cook,MID,BOU,0,?,"L.Cook (MID, ?)",0.0,0.0,0.0,-8,-inf,-9,0.0,-2,-inf,-inf,4,0.0,0,0,0,0,0,0,?
67,Siriki,Dembélé,MID,BOU,0,?,"Siriki (MID, ?)",0.0,0.0,0.0,-8,-inf,-9,0.0,-2,-inf,-inf,4,0.0,0,0,0,0,0,0,?
68,Ryan,Fredericks,DEF,BOU,0,?,"Fredericks (DEF, ?)",0.0,0.0,0.0,-8,-inf,-9,-inf,-2,0.0,-inf,4,0.0,0,0,0,0,0,0,?
71,Gavin,Kilkenny,MID,BOU,0,?,"Kilkenny (MID, ?)",0.0,0.0,0.0,-8,-inf,-9,0.0,-2,-inf,-inf,4,0.0,0,0,0,0,0,0,?
73,Jamal,Lowe,MID,BOU,0,?,"Lowe (MID, ?)",0.0,0.0,0.0,-8,-inf,-9,0.0,-2,-inf,-inf,4,0.0,0,0,0,0,0,0,?
74,Emiliano,Marcondes,MID,BOU,0,?,"Marcondes (MID, ?)",0.0,0.0,0.0,-8,-inf,-9,0.0,-2,-inf,-inf,4,0.0,0,0,0,0,0,0,?
75,Chris,Mepham,DEF,BOU,0,?,"Mepham (DEF, ?)",0.0,0.0,0.0,-8,-inf,-9,-inf,-2,0.0,-inf,4,0.0,0,0,0,0,0,0,?
78,Dango,Ouattara,MID,BOU,0,?,"O.Dango (MID, ?)",0.0,0.0,0.0,-8,-inf,-9,0.0,-2,-inf,-inf,4,0.0,0,0,0,0,0,0,?
79,Ben,Pearson,MID,BOU,0,?,"Pearson (MID, ?)",0.0,0.0,0.0,-8,-inf,-9,0.0,-2,-inf,-inf,4,0.0,0,0,0,0,0,0,?
80,Darren,Randolph,GKP,BOU,0,?,"Randolph (GKP, ?)",0.0,0.0,0.0,-8,-inf,-9,-inf,-2,0.0,-inf,4,0.0,0,0,0,0,0,0,?
84,Adam,Smith,DEF,BOU,0,?,"Smith (DEF, ?)",0.0,0.0,0.0,-8,-inf,-9,-inf,-2,0.0,-inf,4,0.0,0,0,0,0,0,0,?
86,Marcus,Tavernier,MID,BOU,0,?,"Tavernier (MID, ?)",0.0,0.0,0.0,-8,-inf,-9,0.0,-2,-inf,-inf,4,0.0,0,0,0,0,0,0,?
88,Mark,Travers,GKP,BOU,0,?,"Travers (GKP, ?)",0.0,0.0,0.0,-8,-inf,-9,-inf,-2,0.0,-inf,4,0.0,0,0,0,0,0,0,?
607,Ionuț,Radu,GKP,BOU,0,?,"Radu (GKP, ?)",0.0,0.0,0.0,-8,-inf,-9,-inf,-2,0.0,-inf,4,0.0,0,0,0,0,0,0,?
619,Ben,Greenwood,DEF,BOU,0,?,"Greenwood (DEF, ?)",0.0,0.0,0.0,-8,-inf,-9,-inf,-2,0.0,-inf,4,0.0,0,0,0,0,0,0,?
644,Alex,Scott,MID,BOU,0,?,"Scott (MID, ?)",0.0,0.0,0.0,-8,-inf,-9,0.0,-2,-inf,-inf,4,0.0,0,0,0,0,0,0,?
673,Tyler,Adams,MID,BOU,0,?,"Adams (MID, ?)",0.0,0.0,0.0,-8,-inf,-9,0.0,-2,-inf,-inf,4,0.0,0,0,0,0,0,0,?
108,Bryan,Mbeumo,MID,BRE,23,?,"Mbeumo (MID, ?)",11.5,11.5,11.5,10,115.0,9,0.0,9,103.5,109.25,4,46.0,0,0,0,0,0,0,?
119,Yoane,Wissa,FWD,BRE,20,?,"Wissa (FWD, ?)",10.0,10.0,10.0,10,100.0,9,0.0,9,90.0,95.0,4,40.0,0,0,0,0,0,0,?
103,Rico,Henry,DEF,BRE,9,?,"Henry (DEF, ?)",4.5,4.5,4.5,10,45.0,9,40.5,9,0.0,42.75,4,18.0,0,0,0,0,0,0,?
101,Mark,Flekken,GKP,BRE,8,?,"Flekken (GKP, ?)",4.0,4.0,4.0,10,40.0,9,36.0,9,0.0,38.0,4,16.0,0,0,0,0,0,0,?
112,Ethan,Pinnock,DEF,BRE,8,?,"Pinnock (DEF, ?)",4.0,4.0,4.0,10,40.0,9,36.0,9,0.0,38.0,4,16.0,0,0,0,0,0,0,?
96,Nathan,Collins,DEF,BRE,7,?,"Collins (DEF, ?)",3.5,3.5,3.5,10,35.0,9,31.5,9,0.0,33.25,4,14.0,0,0,0,0,0,0,?
106,Mathias,Jensen,MID,BRE,7,?,"Jensen (MID, ?)",3.5,3.5,3.5,10,35.0,9,0.0,9,31.5,33.25,4,14.0,0,0,0,0,0,0,?
90,Kristoffer,Ajer,DEF,BRE,5,?,"Ajer (DEF, ?)",2.5,2.5,2.5,10,25.0,9,22.5,9,0.0,23.75,4,10.0,0,0,0,0,0,0,?
104,Aaron,Hickey,DEF,BRE,5,?,"Hickey (DEF, ?)",2.5,2.5,2.5,10,25.0,9,22.5,9,0.0,23.75,4,10.0,0,0,0,0,0,0,?
105,Vitaly,Janelt,MID,BRE,5,?,"Janelt (MID, ?)",2.5,2.5,2.5,10,25.0,9,0.0,9,22.5,23.75,4,10.0,0,0,0,0,0,0,?
110,Christian,Nørgaard,MID,BRE,5,?,"Nørgaard (MID, ?)",2.5,2.5,2.5,10,25.0,9,0.0,9,22.5,23.75,4,10.0,0,0,0,0,0,0,?
115,Kevin,Schade,MID,BRE,4,?,"Schade (MID, ?)",2.0,2.0,2.0,10,20.0,9,0.0,9,18.0,19.0,4,8.0,0,0,0,0,0,0,?
98,Mikkel,Damsgaard,MID,BRE,2,?,"Damsgaard (MID, ?)",1.0,1.0,1.0,10,10.0,9,0.0,9,9.0,9.5,4,4.0,0,0,0,0,0,0,?
114,Mads,Roerslev Rasmussen,DEF,BRE,2,?,"Roerslev (DEF, ?)",1.0,1.0,1.0,10,10.0,9,9.0,9,0.0,9.5,4,4.0,0,0,0,0,0,0,?
92,Shandon,Baptiste,MID,BRE,1,?,"Baptiste (MID, ?)",1.0,0.5,0.833,10,8.33,9,0.0,9,7.497,7.9135,4,3.332,0,0,0,0,0,0,?
99,Josh,Dasilva,MID,BRE,1,?,"Dasilva (MID, ?)",1.0,0.5,0.833,10,8.33,9,0.0,9,7.497,7.9135,4,3.332,0,0,0,0,0,0,?
107,Keane,Lewis-Potter,MID,BRE,1,?,"Lewis-Potter (MID, ?)",1.0,0.5,0.833,10,8.33,9,0.0,9,7.497,7.9135,4,3.332,0,0,0,0,0,0,?
121,Mathias,Jorgensen,DEF,BRE,1,?,"Zanka (DEF, ?)",1.0,0.5,0.833,10,8.33,9,7.497,9,0.0,7.9135,4,3.332,0,0,0,0,0,0,?
91,Ellery,Balcombe,GKP,BRE,0,?,"Balcombe (GKP, ?)",0.0,0.0,0.0,10,0.0,9,0.0,9,0.0,0.0,4,0.0,0,0,0,0,0,0,?
93,Mads,Bech Sørensen,DEF,BRE,0,?,"Bech (DEF, ?)",0.0,0.0,0.0,10,0.0,9,0.0,9,0.0,0.0,4,0.0,0,0,0,0,0,0,?
94,Mads,Bidstrup,MID,BRE,0,?,"Bidstrup (MID, ?)",0.0,0.0,0.0,10,0.0,9,0.0,9,0.0,0.0,4,0.0,0,0,0,0,0,0,?
95,Sergi,Canós Tenés,MID,BRE,0,?,"Canós (MID, ?)",0.0,0.0,0.0,10,0.0,9,0.0,9,0.0,0.0,4,0.0,0,0,0,0,0,0,?
97,Matthew,Cox,GKP,BRE,0,?,"Cox (GKP, ?)",0.0,0.0,0.0,10,0.0,9,0.0,9,0.0,0.0,4,0.0,0,0,0,0,0,0,?
100,Halil,Dervişoğlu,FWD,BRE,0,?,"Dervişoğlu (FWD, ?)",0.0,0.0,0.0,10,0.0,9,0.0,9,0.0,0.0,4,0.0,0,0,0,0,0,0,?
102,Charlie,Goode,DEF,BRE,0,?,"Goode (DEF, ?)",0.0,0.0,0.0,10,0.0,9,0.0,9,0.0,0.0,4,0.0,0,0,0,0,0,0,?
109,Ben,Mee,DEF,BRE,0,?,"Mee (DEF, ?)",0.0,0.0,0.0,10,0.0,9,0.0,9,0.0,0.0,4,0.0,0,0,0,0,0,0,?
111,Frank,Onyeka,MID,BRE,0,?,"Onyeka (MID, ?)",0.0,0.0,0.0,10,0.0,9,0.0,9,0.0,0.0,4,0.0,0,0,0,0,0,0,?
116,Thomas,Strakosha,GKP,BRE,0,?,"Strakosha (GKP, ?)",0.0,0.0,0.0,10,0.0,9,0.0,9,0.0,0.0,4,0.0,0,0,0,0,0,0,?
117,Ivan,Toney,FWD,BRE,0,?,"Toney (FWD, ?)",0.0,0.0,0.0,10,0.0,9,0.0,9,0.0,0.0,4,0.0,0,0,0,0,0,0,?
118,Ryan,Trevitt,MID,BRE,0,?,"Trevitt (MID, ?)",0.0,0.0,0.0,10,0.0,9,0.0,9,0.0,0.0,4,0.0,0,0,0,0,0,0,?
120,Yegor,Yarmolyuk,MID,BRE,0,?,"Yarmolyuk (MID, ?)",0.0,0.0,0.0,10,0.0,9,0.0,9,0.0,0.0,4,0.0,0,0,0,0,0,0,?
620,Michale,Olakigbe,MID,BRE,0,?,"Olakigbe (MID, ?)",0.0,0.0,0.0,10,0.0,9,0.0,9,0.0,0.0,4,0.0,0,0,0,0,0,0,?
165,Josh,Cullen,MID,BUR,2,?,"Cullen (MID, ?)",2.0,2.0,2.0,-10,-5.0,-10,0.0,-10,-5.0,-5.0,4,8.0,0,0,0,0,0,0,?
168,Lyle,Foster,FWD,BUR,2,?,"Foster (FWD, ?)",2.0,2.0,2.0,-10,-5.0,-10,0.0,-10,-5.0,-5.0,4,8.0,0,0,0,0,0,0,?
475,Sander,Berge,MID,BUR,2,?,"Berge (MID, ?)",2.0,2.0,2.0,-10,-5.0,-10,0.0,-10,-5.0,-5.0,4,8.0,0,0,0,0,0,0,?
594,Zeki,Amdouni,FWD,BUR,2,?,"Amdouni (FWD, ?)",2.0,2.0,2.0,-10,-5.0,-10,0.0,-10,-5.0,-5.0,4,8.0,0,0,0,0,0,0,?
596,James,Trafford,GKP,BUR,2,?,"Trafford (GKP, ?)",2.0,2.0,2.0,-10,-5.0,-10,-5.0,-10,0.0,-5.0,4,8.0,0,0,0,0,0,0,?
605,Luca,Koleosho,MID,BUR,2,?,"Koleosho (MID, ?)",2.0,2.0,2.0,-10,-5.0,-10,0.0,-10,-5.0,-5.0,4,8.0,0,0,0,0,0,0,?
157,Ameen,Al-Dakhil,DEF,BUR,1,?,"Al-Dakhil (DEF, ?)",1.0,1.0,1.0,-10,-10.0,-10,-10.0,-10,0.0,-10.0,4,4.0,0,0,0,0,0,0,?
159,Manuel Benson,Hedilazio,MID,BUR,1,?,"Benson (MID, ?)",1.0,1.0,1.0,-10,-10.0,-10,0.0,-10,-10.0,-10.0,4,4.0,0,0,0,0,0,0,?
160,Jordan,Beyer,DEF,BUR,1,?,"Beyer (DEF, ?)",1.0,1.0,1.0,-10,-10.0,-10,-10.0,-10,0.0,-10.0,4,4.0,0,0,0,0,0,0,?
161,Josh,Brownhill,MID,BUR,1,?,"Brownhill (MID, ?)",1.0,1.0,1.0,-10,-10.0,-10,0.0,-10,-10.0,-10.0,4,4.0,0,0,0,0,0,0,?
173,Dara,O'Shea,DEF,BUR,1,?,"O'Shea (DEF, ?)",1.0,1.0,1.0,-10,-10.0,-10,-10.0,-10,0.0,-10.0,4,4.0,0,0,0,0,0,0,?
176,Connor,Roberts,DEF,BUR,1,?,"Roberts (DEF, ?)",1.0,1.0,1.0,-10,-10.0,-10,-10.0,-10,0.0,-10.0,4,4.0,0,0,0,0,0,0,?
182,Victor,da Silva,DEF,BUR,1,?,"Vitinho (DEF, ?)",1.0,1.0,1.0,-10,-10.0,-10,-10.0,-10,0.0,-10.0,4,4.0,0,0,0,0,0,0,?
600,Nathan,Redmond,MID,BUR,1,?,"Redmond (MID, ?)",1.0,1.0,1.0,-10,-10.0,-10,0.0,-10,-10.0,-10.0,4,4.0,0,0,0,0,0,0,?
608,Jacob,Bruun Larsen,MID,BUR,1,?,"Bruun Larsen (MID, ?)",1.0,1.0,1.0,-10,-10.0,-10,0.0,-10,-10.0,-10.0,4,4.0,0,0,0,0,0,0,?
156,Enock,Agyei,MID,BUR,0,?,"Agyei (MID, ?)",0.0,0.0,0.0,-10,-inf,-10,0.0,-10,-inf,-inf,4,0.0,0,0,0,0,0,0,?
158,Samuel,Bastien,MID,BUR,0,?,"Bastien (MID, ?)",0.0,0.0,0.0,-10,-inf,-10,0.0,-10,-inf,-inf,4,0.0,0,0,0,0,0,0,?
162,Darko,Churlinov,MID,BUR,0,?,"Churlinov (MID, ?)",0.0,0.0,0.0,-10,-inf,-10,0.0,-10,-inf,-inf,4,0.0,0,0,0,0,0,0,?
163,Jack,Cork,MID,BUR,0,?,"Cork (MID, ?)",0.0,0.0,0.0,-10,-inf,-10,0.0,-10,-inf,-inf,4,0.0,0,0,0,0,0,0,?
164,Dara,Costelloe,MID,BUR,0,?,"Costelloe (MID, ?)",0.0,0.0,0.0,-10,-inf,-10,0.0,-10,-inf,-inf,4,0.0,0,0,0,0,0,0,?
166,CJ,Egan-Riley,DEF,BUR,0,?,"Egan-Riley (DEF, ?)",0.0,0.0,0.0,-10,-inf,-10,-inf,-10,0.0,-inf,4,0.0,0,0,0,0,0,0,?
167,Hjalmar,Ekdal,DEF,BUR,0,?,"Ekdal (DEF, ?)",0.0,0.0,0.0,-10,-inf,-10,-inf,-10,0.0,-inf,4,0.0,0,0,0,0,0,0,?
169,Denis,Franchi,GKP,BUR,0,?,"Franchi (GKP, ?)",0.0,0.0,0.0,-10,-inf,-10,-inf,-10,0.0,-inf,4,0.0,0,0,0,0,0,0,?
170,Jóhann Berg,Gudmundsson,MID,BUR,0,?,"Gudmundsson (MID, ?)",0.0,0.0,0.0,-10,-inf,-10,0.0,-10,-inf,-inf,4,0.0,0,0,0,0,0,0,?
171,Luke,McNally,DEF,BUR,0,?,"McNally (DEF, ?)",0.0,0.0,0.0,-10,-inf,-10,-inf,-10,0.0,-inf,4,0.0,0,0,0,0,0,0,?
172,Arijanet,Muric,GKP,BUR,0,?,"Muric (GKP, ?)",0.0,0.0,0.0,-10,-inf,-10,-inf,-10,0.0,-inf,4,0.0,0,0,0,0,0,0,?
174,Michael,Obafemi,FWD,BUR,0,?,"Obafemi (FWD, ?)",0.0,0.0,0.0,-10,-inf,-10,0.0,-10,-inf,-inf,4,0.0,0,0,0,0,0,0,?
175,Bailey,Peacock-Farrell,GKP,BUR,0,?,"Peacock-Farrell (GKP, ?)",0.0,0.0,0.0,-10,-inf,-10,-inf,-10,0.0,-inf,4,0.0,0,0,0,0,0,0,?
177,Jay,Rodriguez,FWD,BUR,0,?,"Rodriguez (FWD, ?)",0.0,0.0,0.0,-10,-inf,-10,0.0,-10,-inf,-inf,4,0.0,0,0,0,0,0,0,?
178,Charlie,Taylor,DEF,BUR,0,?,"Taylor (DEF, ?)",0.0,0.0,0.0,-10,-inf,-10,-inf,-10,0.0,-inf,4,0.0,0,0,0,0,0,0,?
179,Bobby,Thomas,DEF,BUR,0,?,"Thomas (DEF, ?)",0.0,0.0,0.0,-10,-inf,-10,-inf,-10,0.0,-inf,4,0.0,0,0,0,0,0,0,?
180,Scott,Twine,MID,BUR,0,?,"Twine (MID, ?)",0.0,0.0,0.0,-10,-inf,-10,0.0,-10,-inf,-inf,4,0.0,0,0,0,0,0,0,?
181,Lawrence,Vigouroux,GKP,BUR,0,?,"Vigouroux (GKP, ?)",0.0,0.0,0.0,-10,-inf,-10,-inf,-10,0.0,-inf,4,0.0,0,0,0,0,0,0,?
183,Wout,Weghorst,FWD,BUR,0,?,"Weghorst (FWD, ?)",0.0,0.0,0.0,-10,-inf,-10,0.0,-10,-inf,-inf,4,0.0,0,0,0,0,0,0,?
622,Owen,Dodgson,DEF,BUR,0,?,"Dodgson (DEF, ?)",0.0,0.0,0.0,-10,-inf,-10,-inf,-10,0.0,-inf,4,0.0,0,0,0,0,0,0,?
660,Wilson,Odobert,MID,BUR,0,?,"Odobert (MID, ?)",0.0,0.0,0.0,-10,-inf,-10,0.0,-10,-inf,-inf,4,0.0,0,0,0,0,0,0,?
674,Hannes,Delcroix,DEF,BUR,0,?,"Delcroix (DEF, ?)",0.0,0.0,0.0,-10,-inf,-10,-inf,-10,0.0,-inf,4,0.0,0,0,0,0,0,0,?
675,Aaron,Ramsey,MID,BUR,0,?,"A.Ramsey (MID, ?)",0.0,0.0,0.0,-10,-inf,-10,0.0,-10,-inf,-inf,4,0.0,0,0,0,0,0,0,?
184,Anass,Zaroury,MID,BUR,-2,?,"Zaroury (MID, ?)",-2.0,-2.0,0.0,-10,-inf,-10,0.0,-10,-inf,-inf,4,0.0,0,0,0,0,0,0,?
611,Axel,Disasi,DEF,CHE,11,?,"Disasi (DEF, ?)",5.5,5.5,5.5,-3,-0.5454545454545454,-5,-0.9090909090909091,3,0.0,-0.7272727272727273,4,22.0,0,0,0,0,0,0,?
195,Ben,Chilwell,DEF,CHE,8,?,"Chilwell (DEF, ?)",4.0,4.0,4.0,-3,-0.75,-5,-1.25,3,0.0,-1.0,4,16.0,0,0,0,0,0,0,?
196,Carney,Chukwuemeka,MID,CHE,6,?,"Chukwuemeka (MID, ?)",3.0,3.0,3.0,-3,-1.0,-5,0.0,3,9.0,4.0,4,12.0,0,0,0,0,0,0,?
145,Robert,Sánchez,GKP,CHE,4,?,"Sanchez (GKP, ?)",2.0,2.0,2.0,-3,-1.5,-5,-2.5,3,0.0,-2.0,4,8.0,0,0,0,0,0,0,?
202,Conor,Gallagher,MID,CHE,4,?,"Gallagher (MID, ?)",2.0,2.0,2.0,-3,-1.5,-5,0.0,3,6.0,2.25,4,8.0,0,0,0,0,0,0,?
216,Raheem,Sterling,MID,CHE,4,?,"Sterling (MID, ?)",2.0,2.0,2.0,-3,-1.5,-5,0.0,3,6.0,2.25,4,8.0,0,0,0,0,0,0,?
197,Levi,Colwill,DEF,CHE,3,?,"Colwill (DEF, ?)",1.5,1.5,1.5,-3,-2.0,-5,-3.3333333333333335,3,0.0,-2.666666666666667,4,6.0,0,0,0,0,0,0,?
217,Thiago,Emiliano da Silva,DEF,CHE,3,?,"T.Silva (DEF, ?)",1.5,1.5,1.5,-3,-2.0,-5,-3.3333333333333335,3,0.0,-2.666666666666667,4,6.0,0,0,0,0,0,0,?
206,Reece,James,DEF,CHE,2,?,"James (DEF, ?)",2.0,1.0,1.667,-3,-1.799640071985603,-5,-2.9994001199760048,3,0.0,-2.3995200959808036,4,6.668,0,0,0,0,0,0,?
203,Malo,Gusto,DEF,CHE,2,?,"Gusto (DEF, ?)",1.0,1.0,1.0,-3,-3.0,-5,-5.0,3,0.0,-4.0,4,4.0,0,0,0,0,0,0,?
210,Mykhailo,Mudryk,MID,CHE,2,?,"Mudryk (MID, ?)",1.0,1.0,1.0,-3,-3.0,-5,0.0,3,3.0,0.0,4,4.0,0,0,0,0,0,0,?
211,Nicolas,Jackson,FWD,CHE,2,?,"N.Jackson (FWD, ?)",1.0,1.0,1.0,-3,-3.0,-5,0.0,3,3.0,0.0,4,4.0,0,0,0,0,0,0,?
126,Moisés,Caicedo Corozo,MID,CHE,1,?,"Caicedo (MID, ?)",1.0,0.5,0.833,-3,-3.6014405762304924,-5,0.0,3,2.4989999999999997,-0.5512202881152464,4,3.332,0,0,0,0,0,0,?
208,Noni,Madueke,MID,CHE,1,?,"Madueke (MID, ?)",1.0,0.5,0.833,-3,-3.6014405762304924,-5,0.0,3,2.4989999999999997,-0.5512202881152464,4,3.332,0,0,0,0,0,0,?
609,Ian,Maatsen,MID,CHE,1,?,"Maatsen (MID, ?)",1.0,0.5,0.833,-3,-3.6014405762304924,-5,0.0,3,2.4989999999999997,-0.5512202881152464,4,3.332,0,0,0,0,0,0,?
613,Lesley,Ugochukwu,MID,CHE,1,?,"Ugochukwu (MID, ?)",1.0,0.5,0.833,-3,-3.6014405762304924,-5,0.0,3,2.4989999999999997,-0.5512202881152464,4,3.332,0,0,0,0,0,0,?
623,Mason,Burstow,FWD,CHE,1,?,"Burstow (FWD, ?)",1.0,0.5,0.833,-3,-3.6014405762304924,-5,0.0,3,2.4989999999999997,-0.5512202881152464,4,3.332,0,0,0,0,0,0,?
199,Enzo,Fernández,MID,CHE,1,?,"Enzo (MID, ?)",0.5,0.5,0.5,-3,-6.0,-5,0.0,3,1.5,-2.25,4,2.0,0,0,0,0,0,0,?
185,Ethan,Ampadu,DEF,CHE,0,?,"Ampadu (DEF, ?)",0.0,0.0,0.0,-3,-inf,-5,-inf,3,0.0,-inf,4,0.0,0,0,0,0,0,0,?
186,Andrey,Nascimento dos Santos,MID,CHE,0,?,"Andrey (MID, ?)",0.0,0.0,0.0,-3,-inf,-5,0.0,3,0.0,-inf,4,0.0,0,0,0,0,0,0,?
187,Kepa,Arrizabalaga,GKP,CHE,0,?,"Arrizabalaga (GKP, ?)",0.0,0.0,0.0,-3,-inf,-5,-inf,3,0.0,-inf,4,0.0,0,0,0,0,0,0,?
188,Pierre-Emerick,Aubameyang,FWD,CHE,0,?,"Aubameyang (FWD, ?)",0.0,0.0,0.0,-3,-inf,-5,0.0,3,0.0,-inf,4,0.0,0,0,0,0,0,0,?
189,César,Azpilicueta,DEF,CHE,0,?,"Azpilicueta (DEF, ?)",0.0,0.0,0.0,-3,-inf,-5,-inf,3,0.0,-inf,4,0.0,0,0,0,0,0,0,?
190,Abdul Rahman,Baba,DEF,CHE,0,?,"Baba (DEF, ?)",0.0,0.0,0.0,-3,-inf,-5,-inf,3,0.0,-inf,4,0.0,0,0,0,0,0,0,?
191,Benoît,Badiashile,DEF,CHE,0,?,"B.Badiashile (DEF, ?)",0.0,0.0,0.0,-3,-inf,-5,-inf,3,0.0,-inf,4,0.0,0,0,0,0,0,0,?
192,Marcus,Bettinelli,GKP,CHE,0,?,"Bettinelli (GKP, ?)",0.0,0.0,0.0,-3,-inf,-5,-inf,3,0.0,-inf,4,0.0,0,0,0,0,0,0,?
193,Armando,Broja,FWD,CHE,0,?,"Broja (FWD, ?)",0.0,0.0,0.0,-3,-inf,-5,0.0,3,0.0,-inf,4,0.0,0,0,0,0,0,0,?
194,Trevoh,Chalobah,DEF,CHE,0,?,"Chalobah (DEF, ?)",0.0,0.0,0.0,-3,-inf,-5,-inf,3,0.0,-inf,4,0.0,0,0,0,0,0,0,?
198,Marc,Cucurella Saseta,DEF,CHE,0,?,"Cucurella (DEF, ?)",0.0,0.0,0.0,-3,-inf,-5,-inf,3,0.0,-inf,4,0.0,0,0,0,0,0,0,?
200,David Datro,Fofana,FWD,CHE,0,?,"D.D.Fofana (FWD, ?)",0.0,0.0,0.0,-3,-inf,-5,0.0,3,0.0,-inf,4,0.0,0,0,0,0,0,0,?
201,Wesley,Fofana,DEF,CHE,0,?,"W.Fofana (DEF, ?)",0.0,0.0,0.0,-3,-inf,-5,-inf,3,0.0,-inf,4,0.0,0,0,0,0,0,0,?
205,Callum,Hudson-Odoi,MID,CHE,0,?,"Hudson-Odoi (MID, ?)",0.0,0.0,0.0,-3,-inf,-5,0.0,3,0.0,-inf,4,0.0,0,0,0,0,0,0,?
207,Romelu,Lukaku Bolingoli,FWD,CHE,0,?,"Lukaku (FWD, ?)",0.0,0.0,0.0,-3,-inf,-5,0.0,3,0.0,-inf,4,0.0,0,0,0,0,0,0,?
212,Christopher,Nkunku,FWD,CHE,0,?,"Nkunku (FWD, ?)",0.0,0.0,0.0,-3,-inf,-5,0.0,3,0.0,-inf,4,0.0,0,0,0,0,0,0,?
213,Christian,Pulisic,MID,CHE,0,?,"Pulisic (MID, ?)",0.0,0.0,0.0,-3,-inf,-5,0.0,3,0.0,-inf,4,0.0,0,0,0,0,0,0,?
214,Malang,Sarr,DEF,CHE,0,?,"M.Sarr (DEF, ?)",0.0,0.0,0.0,-3,-inf,-5,-inf,3,0.0,-inf,4,0.0,0,0,0,0,0,0,?
215,Gabriel,Słonina,GKP,CHE,0,?,"Slonina (GKP, ?)",0.0,0.0,0.0,-3,-inf,-5,-inf,3,0.0,-inf,4,0.0,0,0,0,0,0,0,?
218,Hakim,Ziyech,MID,CHE,0,?,"Ziyech (MID, ?)",0.0,0.0,0.0,-3,-inf,-5,0.0,3,0.0,-inf,4,0.0,0,0,0,0,0,0,?
589,Ângelo Gabriel,Borges Damaceno,MID,CHE,0,?,"Ângelo (MID, ?)",0.0,0.0,0.0,-3,-inf,-5,0.0,3,0.0,-inf,4,0.0,0,0,0,0,0,0,?
659,Lucas,Bergström,GKP,CHE,0,?,"Bergström (GKP, ?)",0.0,0.0,0.0,-3,-inf,-5,-inf,3,0.0,-inf,4,0.0,0,0,0,0,0,0,?
667,Roméo,Lavia,MID,CHE,0,?,"Lavia (MID, ?)",0.0,0.0,0.0,-3,-inf,-5,0.0,3,0.0,-inf,4,0.0,0,0,0,0,0,0,?
671,Bashir,Humphreys,DEF,CHE,0,?,"Humphreys (DEF, ?)",0.0,0.0,0.0,-3,-inf,-5,-inf,3,0.0,-inf,4,0.0,0,0,0,0,0,0,?
220,Joachim,Andersen,DEF,CRY,11,?,"Andersen (DEF, ?)",5.5,5.5,5.5,-2,-0.36363636363636365,7,38.5,-6,0.0,19.068181818181817,4,22.0,0,0,0,0,0,0,?
234,Tyrick,Mitchell,DEF,CRY,10,?,"Mitchell (DEF, ?)",5.0,5.0,5.0,-2,-0.4,7,35.0,-6,0.0,17.3,4,20.0,0,0,0,0,0,0,?
225,Odsonne,Edouard,FWD,CRY,9,?,"Edouard (FWD, ?)",4.5,4.5,4.5,-2,-0.4444444444444444,7,0.0,-6,-1.3333333333333333,-0.8888888888888888,4,18.0,0,0,0,0,0,0,?
228,Marc,Guéhi,DEF,CRY,8,?,"Guéhi (DEF, ?)",4.0,4.0,4.0,-2,-0.5,7,28.0,-6,0.0,13.75,4,16.0,0,0,0,0,0,0,?
230,Sam,Johnstone,GKP,CRY,8,?,"Johnstone (GKP, ?)",4.0,4.0,4.0,-2,-0.5,7,28.0,-6,0.0,13.75,4,16.0,0,0,0,0,0,0,?
242,Joel,Ward,DEF,CRY,8,?,"Ward (DEF, ?)",4.0,4.0,4.0,-2,-0.5,7,28.0,-6,0.0,13.75,4,16.0,0,0,0,0,0,0,?
221,Jordan,Ayew,MID,CRY,7,?,"J.Ayew (MID, ?)",3.5,3.5,3.5,-2,-0.5714285714285714,7,0.0,-6,-1.7142857142857142,-1.1428571428571428,4,14.0,0,0,0,0,0,0,?
226,Eberechi,Eze,MID,CRY,5,?,"Eze (MID, ?)",2.5,2.5,2.5,-2,-0.8,7,0.0,-6,-2.4,-1.6,4,10.0,0,0,0,0,0,0,?
231,Jefferson,Lerma Solís,MID,CRY,5,?,"Lerma (MID, ?)",2.5,2.5,2.5,-2,-0.8,7,0.0,-6,-2.4,-1.6,4,10.0,0,0,0,0,0,0,?
240,Jeffrey,Schlupp,MID,CRY,5,?,"Schlupp (MID, ?)",2.5,2.5,2.5,-2,-0.8,7,0.0,-6,-2.4,-1.6,4,10.0,0,0,0,0,0,0,?
223,Cheick,Doucouré,MID,CRY,4,?,"C.Doucouré (MID, ?)",2.0,2.0,2.0,-2,-1.0,7,0.0,-6,-3.0,-2.0,4,8.0,0,0,0,0,0,0,?
219,Naouirou,Ahamada,MID,CRY,1,?,"Ahamada (MID, ?)",1.0,0.5,0.833,-2,-2.4009603841536618,7,0.0,-6,-7.202881152460985,-4.8019207683073235,4,3.332,0,0,0,0,0,0,?
241,James,Tomkins,DEF,CRY,1,?,"Tomkins (DEF, ?)",1.0,0.5,0.833,-2,-2.4009603841536618,7,5.8309999999999995,-6,0.0,1.7150198079231689,4,3.332,0,0,0,0,0,0,?
657,Jesurun,Rak-Sakyi,MID,CRY,1,?,"Rak-Sakyi (MID, ?)",1.0,0.5,0.833,-2,-2.4009603841536618,7,0.0,-6,-7.202881152460985,-4.8019207683073235,4,3.332,0,0,0,0,0,0,?
222,Nathaniel,Clyne,DEF,CRY,0,?,"Clyne (DEF, ?)",0.0,0.0,0.0,-2,-inf,7,0.0,-6,0.0,-inf,4,0.0,0,0,0,0,0,0,?
224,Malcolm,Ebiowei,MID,CRY,0,?,"Ebiowei (MID, ?)",0.0,0.0,0.0,-2,-inf,7,0.0,-6,-inf,-inf,4,0.0,0,0,0,0,0,0,?
227,Vicente,Guaita,GKP,CRY,0,?,"Guaita (GKP, ?)",0.0,0.0,0.0,-2,-inf,7,0.0,-6,0.0,-inf,4,0.0,0,0,0,0,0,0,?
229,Will,Hughes,MID,CRY,0,?,"Hughes (MID, ?)",0.0,0.0,0.0,-2,-inf,7,0.0,-6,-inf,-inf,4,0.0,0,0,0,0,0,0,?
232,Jean-Philippe,Mateta,FWD,CRY,0,?,"Mateta (FWD, ?)",0.0,0.0,0.0,-2,-inf,7,0.0,-6,-inf,-inf,4,0.0,0,0,0,0,0,0,?
233,Remi,Matthews,GKP,CRY,0,?,"Matthews (GKP, ?)",0.0,0.0,0.0,-2,-inf,7,0.0,-6,0.0,-inf,4,0.0,0,0,0,0,0,0,?
235,Jake,O'Brien,DEF,CRY,0,?,"O'Brien (DEF, ?)",0.0,0.0,0.0,-2,-inf,7,0.0,-6,0.0,-inf,4,0.0,0,0,0,0,0,0,?
236,Michael,Olise,MID,CRY,0,?,"Olise (MID, ?)",0.0,0.0,0.0,-2,-inf,7,0.0,-6,-inf,-inf,4,0.0,0,0,0,0,0,0,?
237,Luke,Plange,FWD,CRY,0,?,"Plange (FWD, ?)",0.0,0.0,0.0,-2,-inf,7,0.0,-6,-inf,-inf,4,0.0,0,0,0,0,0,0,?
238,Chris,Richards,DEF,CRY,0,?,"C.Richards (DEF, ?)",0.0,0.0,0.0,-2,-inf,7,0.0,-6,0.0,-inf,4,0.0,0,0,0,0,0,0,?
239,Jairo,Riedewald,MID,CRY,0,?,"Riedewald (MID, ?)",0.0,0.0,0.0,-2,-inf,7,0.0,-6,-inf,-inf,4,0.0,0,0,0,0,0,0,?
243,Joe,Whitworth,GKP,CRY,0,?,"Whitworth (GKP, ?)",0.0,0.0,0.0,-2,-inf,7,0.0,-6,0.0,-inf,4,0.0,0,0,0,0,0,0,?
615,Matheus,França de Oliveira,MID,CRY,0,?,"Matheus França (MID, ?)",0.0,0.0,0.0,-2,-inf,7,0.0,-6,-inf,-inf,4,0.0,0,0,0,0,0,0,?
658,John-Kymani,Gordon,FWD,CRY,0,?,"Gordon (FWD, ?)",0.0,0.0,0.0,-2,-inf,7,0.0,-6,-inf,-inf,4,0.0,0,0,0,0,0,0,?
249,Abdoulaye,Doucouré,MID,EVE,4,?,"A.Doucoure (MID, ?)",2.0,2.0,2.0,-7,-3.5,-6,0.0,-9,-4.5,-4.0,4,8.0,0,0,0,0,0,0,?
250,James,Garner,MID,EVE,4,?,"Garner (MID, ?)",2.0,2.0,2.0,-7,-3.5,-6,0.0,-9,-4.5,-4.0,4,8.0,0,0,0,0,0,0,?
261,Amadou,Onana,MID,EVE,4,?,"Onana (MID, ?)",2.0,2.0,2.0,-7,-3.5,-6,0.0,-9,-4.5,-4.0,4,8.0,0,0,0,0,0,0,?
256,Alex,Iwobi,MID,EVE,3,?,"Iwobi (MID, ?)",1.5,1.5,1.5,-7,-4.666666666666667,-6,0.0,-9,-6.0,-5.333333333333334,4,6.0,0,0,0,0,0,0,?
258,Neal,Maupay,FWD,EVE,3,?,"Maupay (FWD, ?)",1.5,1.5,1.5,-7,-4.666666666666667,-6,0.0,-9,-6.0,-5.333333333333334,4,6.0,0,0,0,0,0,0,?
254,Idrissa,Gueye,MID,EVE,2,?,"Gana (MID, ?)",1.0,1.0,1.0,-7,-7.0,-6,0.0,-9,-9.0,-8.0,4,4.0,0,0,0,0,0,0,?
263,Jordan,Pickford,GKP,EVE,2,?,"Pickford (GKP, ?)",1.0,1.0,1.0,-7,-7.0,-6,-6.0,-9,0.0,-6.5,4,4.0,0,0,0,0,0,0,?
265,James,Tarkowski,DEF,EVE,2,?,"Tarkowski (DEF, ?)",1.0,1.0,1.0,-7,-7.0,-6,-6.0,-9,0.0,-6.5,4,4.0,0,0,0,0,0,0,?
588,Ashley,Young,DEF,EVE,2,?,"Young (DEF, ?)",1.0,1.0,1.0,-7,-7.0,-6,-6.0,-9,0.0,-6.5,4,4.0,0,0,0,0,0,0,?
601,Arnaut,Danjuma Groeneveld,MID,EVE,2,?,"Danjuma (MID, ?)",1.0,1.0,1.0,-7,-7.0,-6,0.0,-9,-9.0,-8.0,4,4.0,0,0,0,0,0,0,?
624,Lewis,Dobbin,MID,EVE,2,?,"Dobbin (MID, ?)",1.0,1.0,1.0,-7,-7.0,-6,0.0,-9,-9.0,-8.0,4,4.0,0,0,0,0,0,0,?
246,Dominic,Calvert-Lewin,FWD,EVE,1,?,"Calvert-Lewin (FWD, ?)",1.0,0.5,0.833,-7,-8.403361344537815,-6,0.0,-9,-10.804321728691477,-9.603841536614645,4,3.332,0,0,0,0,0,0,?
650,Tyler,Onyango,MID,EVE,1,?,"Onyango (MID, ?)",1.0,0.5,0.833,-7,-8.403361344537815,-6,0.0,-9,-10.804321728691477,-9.603841536614645,4,3.332,0,0,0,0,0,0,?
257,Michael,Keane,DEF,EVE,1,?,"Keane (DEF, ?)",0.5,0.5,0.5,-7,-14.0,-6,-12.0,-9,0.0,-13.0,4,2.0,0,0,0,0,0,0,?
262,Nathan,Patterson,DEF,EVE,1,?,"Patterson (DEF, ?)",0.5,0.5,0.5,-7,-14.0,-6,-12.0,-9,0.0,-13.0,4,2.0,0,0,0,0,0,0,?
244,André,Tavares Gomes,MID,EVE,0,?,"André Gomes (MID, ?)",0.0,0.0,0.0,-7,-inf,-6,0.0,-9,-inf,-inf,4,0.0,0,0,0,0,0,0,?
245,Jarrad,Branthwaite,DEF,EVE,0,?,"Branthwaite (DEF, ?)",0.0,0.0,0.0,-7,-inf,-6,-inf,-9,0.0,-inf,4,0.0,0,0,0,0,0,0,?
247,Seamus,Coleman,DEF,EVE,0,?,"Coleman (DEF, ?)",0.0,0.0,0.0,-7,-inf,-6,-inf,-9,0.0,-inf,4,0.0,0,0,0,0,0,0,?
248,Dele,Alli,MID,EVE,0,?,"Dele (MID, ?)",0.0,0.0,0.0,-7,-inf,-6,0.0,-9,-inf,-inf,4,0.0,0,0,0,0,0,0,?
251,Jean-Philippe,Gbamin,MID,EVE,0,?,"Gbamin (MID, ?)",0.0,0.0,0.0,-7,-inf,-6,0.0,-9,-inf,-inf,4,0.0,0,0,0,0,0,0,?
252,Ben,Godfrey,DEF,EVE,0,?,"Godfrey (DEF, ?)",0.0,0.0,0.0,-7,-inf,-6,-inf,-9,0.0,-inf,4,0.0,0,0,0,0,0,0,?
253,Demarai,Gray,MID,EVE,0,?,"Gray (MID, ?)",0.0,0.0,0.0,-7,-inf,-6,0.0,-9,-inf,-inf,4,0.0,0,0,0,0,0,0,?
255,Mason,Holgate,DEF,EVE,0,?,"Holgate (DEF, ?)",0.0,0.0,0.0,-7,-inf,-6,-inf,-9,0.0,-inf,4,0.0,0,0,0,0,0,0,?
259,Dwight,McNeil,MID,EVE,0,?,"McNeil (MID, ?)",0.0,0.0,0.0,-7,-inf,-6,0.0,-9,-inf,-inf,4,0.0,0,0,0,0,0,0,?
260,Vitalii,Mykolenko,DEF,EVE,0,?,"Mykolenko (DEF, ?)",0.0,0.0,0.0,-7,-inf,-6,-inf,-9,0.0,-inf,4,0.0,0,0,0,0,0,0,?
264,Ellis,Simms,FWD,EVE,0,?,"Simms (FWD, ?)",0.0,0.0,0.0,-7,-inf,-6,0.0,-9,-inf,-inf,4,0.0,0,0,0,0,0,0,?
266,João,Neves Virgínia,GKP,EVE,0,?,"J.Virginia (GKP, ?)",0.0,0.0,0.0,-7,-inf,-6,-inf,-9,0.0,-inf,4,0.0,0,0,0,0,0,0,?
579,Andy,Lonergan,GKP,EVE,0,?,"Lonergan (GKP, ?)",0.0,0.0,0.0,-7,-inf,-6,-inf,-9,0.0,-inf,4,0.0,0,0,0,0,0,0,?
645,Youssef,Ramalho Chermiti,FWD,EVE,0,?,"Y. Chermiti (FWD, ?)",0.0,0.0,0.0,-7,-inf,-6,0.0,-9,-inf,-inf,4,0.0,0,0,0,0,0,0,?
649,Thomas,Cannon,FWD,EVE,0,?,"Cannon (FWD, ?)",0.0,0.0,0.0,-7,-inf,-6,0.0,-9,-inf,-inf,4,0.0,0,0,0,0,0,0,?
661,Jack,Harrison,MID,EVE,0,?,"Harrison (MID, ?)",0.0,0.0,0.0,-7,-inf,-6,0.0,-9,-inf,-inf,4,0.0,0,0,0,0,0,0,?
275,Bernd,Leno,GKP,FUL,14,?,"Leno (GKP, ?)",7.0,7.0,7.0,-2,-0.2857142857142857,5,35.0,-8,0.0,17.357142857142858,4,28.0,0,0,0,0,0,0,?
271,Issa,Diop,DEF,FUL,9,?,"Diop (DEF, ?)",4.5,4.5,4.5,-2,-0.4444444444444444,5,22.5,-8,0.0,11.027777777777779,4,18.0,0,0,0,0,0,0,?
270,Bobby,De Cordova-Reid,MID,FUL,8,?,"De Cordova-Reid (MID, ?)",4.0,4.0,4.0,-2,-0.5,5,0.0,-8,-2.0,-1.25,4,16.0,0,0,0,0,0,0,?
283,Antonee,Robinson,DEF,FUL,7,?,"Robinson (DEF, ?)",3.5,3.5,3.5,-2,-0.5714285714285714,5,17.5,-8,0.0,8.464285714285714,4,14.0,0,0,0,0,0,0,?
267,Andreas,Hoelgebaum Pereira,MID,FUL,6,?,"Andreas (MID, ?)",3.0,3.0,3.0,-2,-0.6666666666666666,5,0.0,-8,-2.6666666666666665,-1.6666666666666665,4,12.0,0,0,0,0,0,0,?
285,Kenny,Tete,DEF,FUL,6,?,"Tete (DEF, ?)",3.0,3.0,3.0,-2,-0.6666666666666666,5,15.0,-8,0.0,7.166666666666667,4,12.0,0,0,0,0,0,0,?
276,Saša,Lukić,MID,FUL,5,?,"Lukić (MID, ?)",2.5,2.5,2.5,-2,-0.8,5,0.0,-8,-3.2,-2.0,4,10.0,0,0,0,0,0,0,?
281,Tim,Ream,DEF,FUL,5,?,"Ream (DEF, ?)",2.5,2.5,2.5,-2,-0.8,5,12.5,-8,0.0,5.85,4,10.0,0,0,0,0,0,0,?
288,Harry,Wilson,MID,FUL,5,?,"Wilson (MID, ?)",2.5,2.5,2.5,-2,-0.8,5,0.0,-8,-3.2,-2.0,4,10.0,0,0,0,0,0,0,?
282,Harrison,Reed,MID,FUL,4,?,"Reed (MID, ?)",2.0,2.0,2.0,-2,-1.0,5,0.0,-8,-4.0,-2.5,4,8.0,0,0,0,0,0,0,?
558,Raúl,Jiménez,FWD,FUL,3,?,"Raúl (FWD, ?)",1.5,1.5,1.5,-2,-1.3333333333333333,5,0.0,-8,-5.333333333333333,-3.333333333333333,4,6.0,0,0,0,0,0,0,?
662,Adama,Traoré,MID,FUL,1,?,"Adama (MID, ?)",1.0,1.0,1.0,-2,-2.0,5,0.0,-8,-8.0,-5.0,4,4.0,0,0,0,0,0,0,?
268,Tom,Cairney,MID,FUL,1,?,"Cairney (MID, ?)",1.0,0.5,0.833,-2,-2.4009603841536618,5,0.0,-8,-9.603841536614647,-6.002400960384154,4,3.332,0,0,0,0,0,0,?
278,Aleksandar,Mitrović,FWD,FUL,1,?,"Mitrović (FWD, ?)",1.0,0.5,0.833,-2,-2.4009603841536618,5,0.0,-8,-9.603841536614647,-6.002400960384154,4,3.332,0,0,0,0,0,0,?
279,Rodrigo,Muniz Carvalho,FWD,FUL,1,?,"Muniz (FWD, ?)",1.0,0.5,0.833,-2,-2.4009603841536618,5,0.0,-8,-9.603841536614647,-6.002400960384154,4,3.332,0,0,0,0,0,0,?
610,Calvin,Bassey,DEF,FUL,1,?,"Bassey (DEF, ?)",1.0,0.5,0.833,-2,-2.4009603841536618,5,4.165,-8,0.0,0.8820198079231691,4,3.332,0,0,0,0,0,0,?
591,Willian,Borges da Silva,MID,FUL,1,?,"Willian (MID, ?)",0.5,0.5,0.5,-2,-4.0,5,0.0,-8,-16.0,-10.0,4,2.0,0,0,0,0,0,0,?
269,Ivan,Neves Abreu Cavaleiro,MID,FUL,0,?,"I.Cavaleiro (MID, ?)",0.0,0.0,0.0,-2,-inf,5,0.0,-8,-inf,-inf,4,0.0,0,0,0,0,0,0,?
272,Tyrese,Francois,MID,FUL,0,?,"Francois (MID, ?)",0.0,0.0,0.0,-2,-inf,5,0.0,-8,-inf,-inf,4,0.0,0,0,0,0,0,0,?
273,Anthony,Knockaert,MID,FUL,0,?,"Knockaert (MID, ?)",0.0,0.0,0.0,-2,-inf,5,0.0,-8,-inf,-inf,4,0.0,0,0,0,0,0,0,?
274,Terence,Kongolo,DEF,FUL,0,?,"Kongolo (DEF, ?)",0.0,0.0,0.0,-2,-inf,5,0.0,-8,0.0,-inf,4,0.0,0,0,0,0,0,0,?
277,Kevin,Mbabu,DEF,FUL,0,?,"Mbabu (DEF, ?)",0.0,0.0,0.0,-2,-inf,5,0.0,-8,0.0,-inf,4,0.0,0,0,0,0,0,0,?
280,João,Palhinha Gonçalves,MID,FUL,0,?,"J.Palhinha (MID, ?)",0.0,0.0,0.0,-2,-inf,5,0.0,-8,-inf,-inf,4,0.0,0,0,0,0,0,0,?
284,Marek,Rodák,GKP,FUL,0,?,"Rodák (GKP, ?)",0.0,0.0,0.0,-2,-inf,5,0.0,-8,0.0,-inf,4,0.0,0,0,0,0,0,0,?
286,Tosin,Adarabioyo,DEF,FUL,0,?,"Tosin (DEF, ?)",0.0,0.0,0.0,-2,-inf,5,0.0,-8,0.0,-inf,4,0.0,0,0,0,0,0,0,?
287,Carlos Vinícius,Alves Morais,FWD,FUL,0,?,"Vinícius (FWD, ?)",0.0,0.0,0.0,-2,-inf,5,0.0,-8,-inf,-inf,4,0.0,0,0,0,0,0,0,?
625,Luc,De Fougerolles,DEF,FUL,0,?,"De Fougerolles (DEF, ?)",0.0,0.0,0.0,-2,-inf,5,0.0,-8,0.0,-inf,4,0.0,0,0,0,0,0,0,?
651,Jay,Stansfield,FWD,FUL,0,?,"Stansfield (FWD, ?)",0.0,0.0,0.0,-2,-inf,5,0.0,-8,-inf,-inf,4,0.0,0,0,0,0,0,0,?
652,Matthew,Dibley-Dias,MID,FUL,0,?,"Dibley-Dias (MID, ?)",0.0,0.0,0.0,-2,-inf,5,0.0,-8,-inf,-inf,4,0.0,0,0,0,0,0,0,?
303,Luis,Díaz,MID,LIV,15,?,"Luis Díaz (MID, ?)",7.5,7.5,7.5,-2,-0.26666666666666666,-3,0.0,5,37.5,18.616666666666667,4,30.0,0,0,0,0,0,0,?
294,Diogo,Teixeira da Silva,MID,LIV,13,?,"Diogo J. (MID, ?)",6.5,6.5,6.5,-2,-0.3076923076923077,-3,0.0,5,32.5,16.096153846153847,4,26.0,0,0,0,0,0,0,?
308,Mohamed,Salah,MID,LIV,10,?,"Salah (MID, ?)",5.0,5.0,5.0,-2,-0.4,-3,0.0,5,25.0,12.3,4,20.0,0,0,0,0,0,0,?
309,Dominik,Szoboszlai,MID,LIV,7,?,"Szoboszlai (MID, ?)",3.5,3.5,3.5,-2,-0.5714285714285714,-3,0.0,5,17.5,8.464285714285714,4,14.0,0,0,0,0,0,0,?
291,Alisson,Ramses Becker,GKP,LIV,5,?,"A.Becker (GKP, ?)",2.5,2.5,2.5,-2,-0.8,-3,-1.2,5,0.0,-1.0,4,10.0,0,0,0,0,0,0,?
297,Cody,Gakpo,FWD,LIV,4,?,"Gakpo (FWD, ?)",2.0,2.0,2.0,-2,-1.0,-3,0.0,5,10.0,4.5,4,8.0,0,0,0,0,0,0,?
302,Ibrahima,Konaté,DEF,LIV,4,?,"Konaté (DEF, ?)",2.0,2.0,2.0,-2,-1.0,-3,-1.5,5,0.0,-1.25,4,8.0,0,0,0,0,0,0,?
307,Andrew,Robertson,DEF,LIV,4,?,"Robertson (DEF, ?)",2.0,2.0,2.0,-2,-1.0,-3,-1.5,5,0.0,-1.25,4,8.0,0,0,0,0,0,0,?
313,Virgil,van Dijk,DEF,LIV,4,?,"Virgil (DEF, ?)",2.0,2.0,2.0,-2,-1.0,-3,-1.5,5,0.0,-1.25,4,8.0,0,0,0,0,0,0,?
290,Trent,Alexander-Arnold,DEF,LIV,3,?,"Alexander-Arnold (DEF, ?)",1.5,1.5,1.5,-2,-1.3333333333333333,-3,-2.0,5,0.0,-1.6666666666666665,4,6.0,0,0,0,0,0,0,?
293,Darwin,Núñez Ribeiro,FWD,LIV,2,?,"Darwin (FWD, ?)",1.0,1.0,1.0,-2,-2.0,-3,0.0,5,5.0,1.5,4,4.0,0,0,0,0,0,0,?
295,Harvey,Elliott,MID,LIV,2,?,"Elliott (MID, ?)",1.0,1.0,1.0,-2,-2.0,-3,0.0,5,5.0,1.5,4,4.0,0,0,0,0,0,0,?
668,Wataru,Endo,MID,LIV,1,?,"Endo (MID, ?)",1.0,1.0,1.0,-2,-2.0,-3,0.0,5,5.0,1.5,4,4.0,0,0,0,0,0,0,?
298,Joe,Gomez,DEF,LIV,1,?,"Gomez (DEF, ?)",1.0,0.5,0.833,-2,-2.4009603841536618,-3,-3.6014405762304924,5,0.0,-3.001200480192077,4,3.332,0,0,0,0,0,0,?
300,Curtis,Jones,MID,LIV,1,?,"Jones (MID, ?)",1.0,0.5,0.833,-2,-2.4009603841536618,-3,0.0,5,4.165,0.8820198079231691,4,3.332,0,0,0,0,0,0,?
311,Konstantinos,Tsimikas,DEF,LIV,1,?,"Tsimikas (DEF, ?)",1.0,0.5,0.833,-2,-2.4009603841536618,-3,-3.6014405762304924,5,0.0,-3.001200480192077,4,3.332,0,0,0,0,0,0,?
628,Ben,Doak,MID,LIV,1,?,"Doak (MID, ?)",1.0,0.5,0.833,-2,-2.4009603841536618,-3,0.0,5,4.165,0.8820198079231691,4,3.332,0,0,0,0,0,0,?
289,Adrián,San Miguel del Castillo,GKP,LIV,0,?,"Adrián (GKP, ?)",0.0,0.0,0.0,-2,-inf,-3,-inf,5,0.0,-inf,4,0.0,0,0,0,0,0,0,?
292,Stefan,Bajcetic,MID,LIV,0,?,"Bajcetic (MID, ?)",0.0,0.0,0.0,-2,-inf,-3,0.0,5,0.0,-inf,4,0.0,0,0,0,0,0,0,?
296,Fabio Henrique,Tavares,MID,LIV,0,?,"Fabinho (MID, ?)",0.0,0.0,0.0,-2,-inf,-3,0.0,5,0.0,-inf,4,0.0,0,0,0,0,0,0,?
299,Jordan,Henderson,MID,LIV,0,?,"Henderson (MID, ?)",0.0,0.0,0.0,-2,-inf,-3,0.0,5,0.0,-inf,4,0.0,0,0,0,0,0,0,?
301,Caoimhin,Kelleher,GKP,LIV,0,?,"Kelleher (GKP, ?)",0.0,0.0,0.0,-2,-inf,-3,-inf,5,0.0,-inf,4,0.0,0,0,0,0,0,0,?
305,Joel,Matip,DEF,LIV,0,?,"Matip (DEF, ?)",0.0,0.0,0.0,-2,-inf,-3,-inf,5,0.0,-inf,4,0.0,0,0,0,0,0,0,?
306,Nathaniel,Phillips,DEF,LIV,0,?,"Phillips (DEF, ?)",0.0,0.0,0.0,-2,-inf,-3,-inf,5,0.0,-inf,4,0.0,0,0,0,0,0,0,?
310,Thiago,Alcántara do Nascimento,MID,LIV,0,?,"Thiago (MID, ?)",0.0,0.0,0.0,-2,-inf,-3,0.0,5,0.0,-inf,4,0.0,0,0,0,0,0,0,?
312,Sepp,van den Berg,DEF,LIV,0,?,"Van den Berg (DEF, ?)",0.0,0.0,0.0,-2,-inf,-3,-inf,5,0.0,-inf,4,0.0,0,0,0,0,0,0,?
626,Jarell,Quansah,DEF,LIV,0,?,"Quansah (DEF, ?)",0.0,0.0,0.0,-2,-inf,-3,-inf,5,0.0,-inf,4,0.0,0,0,0,0,0,0,?
627,Bobby,Clark,MID,LIV,0,?,"Clark (MID, ?)",0.0,0.0,0.0,-2,-inf,-3,0.0,5,0.0,-inf,4,0.0,0,0,0,0,0,0,?
629,James,McConnell,MID,LIV,0,?,"McConnell (MID, ?)",0.0,0.0,0.0,-2,-inf,-3,0.0,5,0.0,-inf,4,0.0,0,0,0,0,0,0,?
304,Alexis,Mac Allister,MID,LIV,-1,?,"Mac Allister (MID, ?)",-0.5,-0.5,0.0,-2,-inf,-3,0.0,5,0.0,-inf,4,0.0,0,0,0,0,0,0,?
326,Carlton,Morris,FWD,LUT,8,?,"Morris (FWD, ?)",8.0,8.0,8.0,-2,-0.25,-6,0.0,-2,-0.25,-0.25,4,32.0,0,0,0,0,0,0,?
631,Jacob,Brown,FWD,LUT,4,?,"Brown (FWD, ?)",4.0,4.0,4.0,-2,-0.5,-6,0.0,-2,-0.5,-0.5,4,16.0,0,0,0,0,0,0,?
614,Thomas,Kaminski,GKP,LUT,3,?,"Kaminski (GKP, ?)",3.0,3.0,3.0,-2,-0.6666666666666666,-6,-2.0,-2,0.0,-1.3333333333333333,4,12.0,0,0,0,0,0,0,?
52,Marvelous,Nakamba,MID,LUT,2,?,"Nakamba (MID, ?)",2.0,2.0,2.0,-2,-1.0,-6,0.0,-2,-1.0,-1.0,4,8.0,0,0,0,0,0,0,?
314,Elijah,Adebayo,FWD,LUT,2,?,"Adebayo (FWD, ?)",2.0,2.0,2.0,-2,-1.0,-6,0.0,-2,-1.0,-1.0,4,8.0,0,0,0,0,0,0,?
582,Pelly Ruddock,Mpanzu,MID,LUT,2,?,"Mpanzu (MID, ?)",2.0,2.0,2.0,-2,-1.0,-6,0.0,-2,-1.0,-1.0,4,8.0,0,0,0,0,0,0,?
586,Tahith,Chong,MID,LUT,2,?,"Chong (MID, ?)",2.0,2.0,2.0,-2,-1.0,-6,0.0,-2,-1.0,-1.0,4,8.0,0,0,0,0,0,0,?
317,Luke,Berry,MID,LUT,1,?,"Berry (MID, ?)",1.0,1.0,1.0,-2,-2.0,-6,0.0,-2,-2.0,-2.0,4,4.0,0,0,0,0,0,0,?
328,Chiedozie,Ogbene,FWD,LUT,1,?,"Ogbene (FWD, ?)",1.0,1.0,1.0,-2,-2.0,-6,0.0,-2,-2.0,-2.0,4,4.0,0,0,0,0,0,0,?
340,Cauley,Woodrow,FWD,LUT,1,?,"Woodrow (FWD, ?)",1.0,1.0,1.0,-2,-2.0,-6,0.0,-2,-2.0,-2.0,4,4.0,0,0,0,0,0,0,?
602,Issa,Kaboré,DEF,LUT,1,?,"Kaboré (DEF, ?)",1.0,1.0,1.0,-2,-2.0,-6,-6.0,-2,0.0,-4.0,4,4.0,0,0,0,0,0,0,?
315,Mads Juel,Andersen,DEF,LUT,0,?,"Andersen (DEF, ?)",0.0,0.0,0.0,-2,-inf,-6,-inf,-2,0.0,-inf,4,0.0,0,0,0,0,0,0,?
316,Amari'i,Bell,DEF,LUT,0,?,"Bell (DEF, ?)",0.0,0.0,0.0,-2,-inf,-6,-inf,-2,0.0,-inf,4,0.0,0,0,0,0,0,0,?
318,Reece,Burke,DEF,LUT,0,?,"Burke (DEF, ?)",0.0,0.0,0.0,-2,-inf,-6,-inf,-2,0.0,-inf,4,0.0,0,0,0,0,0,0,?
319,Allan,Campbell,MID,LUT,0,?,"Campbell (MID, ?)",0.0,0.0,0.0,-2,-inf,-6,0.0,-2,-inf,-inf,4,0.0,0,0,0,0,0,0,?
320,Jordan,Clark,MID,LUT,0,?,"Clark (MID, ?)",0.0,0.0,0.0,-2,-inf,-6,0.0,-2,-inf,-inf,4,0.0,0,0,0,0,0,0,?
321,Alfie,Doughty,DEF,LUT,0,?,"Doughty (DEF, ?)",0.0,0.0,0.0,-2,-inf,-6,-inf,-2,0.0,-inf,4,0.0,0,0,0,0,0,0,?
322,Luke,Freeman,MID,LUT,0,?,"Freeman (MID, ?)",0.0,0.0,0.0,-2,-inf,-6,0.0,-2,-inf,-inf,4,0.0,0,0,0,0,0,0,?
323,Matt,Macey,GKP,LUT,0,?,"Macey (GKP, ?)",0.0,0.0,0.0,-2,-inf,-6,-inf,-2,0.0,-inf,4,0.0,0,0,0,0,0,0,?
324,John,McAtee,FWD,LUT,0,?,"McAtee (FWD, ?)",0.0,0.0,0.0,-2,-inf,-6,0.0,-2,-inf,-inf,4,0.0,0,0,0,0,0,0,?
325,Carlos,Mendes Gomes,MID,LUT,0,?,"Mendes (MID, ?)",0.0,0.0,0.0,-2,-inf,-6,0.0,-2,-inf,-inf,4,0.0,0,0,0,0,0,0,?
327,Admiral,Muskwe,FWD,LUT,0,?,"Muskwe (FWD, ?)",0.0,0.0,0.0,-2,-inf,-6,0.0,-2,-inf,-inf,4,0.0,0,0,0,0,0,0,?
329,Fred,Onyedinma,MID,LUT,0,?,"Onyedinma (MID, ?)",0.0,0.0,0.0,-2,-inf,-6,0.0,-2,-inf,-inf,4,0.0,0,0,0,0,0,0,?
330,Gabriel,Osho,DEF,LUT,0,?,"Osho (DEF, ?)",0.0,0.0,0.0,-2,-inf,-6,-inf,-2,0.0,-inf,4,0.0,0,0,0,0,0,0,?
331,Aribim,Pepple,FWD,LUT,0,?,"Pepple (FWD, ?)",0.0,0.0,0.0,-2,-inf,-6,0.0,-2,-inf,-inf,4,0.0,0,0,0,0,0,0,?
332,Dion,Pereira,MID,LUT,0,?,"Pereira (MID, ?)",0.0,0.0,0.0,-2,-inf,-6,0.0,-2,-inf,-inf,4,0.0,0,0,0,0,0,0,?
333,Dan,Potts,DEF,LUT,0,?,"Potts (DEF, ?)",0.0,0.0,0.0,-2,-inf,-6,-inf,-2,0.0,-inf,4,0.0,0,0,0,0,0,0,?
334,Glen,Rea,MID,LUT,0,?,"Rea (MID, ?)",0.0,0.0,0.0,-2,-inf,-6,0.0,-2,-inf,-inf,4,0.0,0,0,0,0,0,0,?
335,James,Shea,GKP,LUT,0,?,"Shea (GKP, ?)",0.0,0.0,0.0,-2,-inf,-6,-inf,-2,0.0,-inf,4,0.0,0,0,0,0,0,0,?
336,Joe,Taylor,FWD,LUT,0,?,"Taylor (FWD, ?)",0.0,0.0,0.0,-2,-inf,-6,0.0,-2,-inf,-inf,4,0.0,0,0,0,0,0,0,?
337,Elliot,Thorpe,MID,LUT,0,?,"Thorpe (MID, ?)",0.0,0.0,0.0,-2,-inf,-6,0.0,-2,-inf,-inf,4,0.0,0,0,0,0,0,0,?
338,Jack,Walton,GKP,LUT,0,?,"Walton (GKP, ?)",0.0,0.0,0.0,-2,-inf,-6,-inf,-2,0.0,-inf,4,0.0,0,0,0,0,0,0,?
339,Louie,Watson,MID,LUT,0,?,"Watson (MID, ?)",0.0,0.0,0.0,-2,-inf,-6,0.0,-2,-inf,-inf,4,0.0,0,0,0,0,0,0,?
553,Ryan,Giles,DEF,LUT,0,?,"Giles (DEF, ?)",0.0,0.0,0.0,-2,-inf,-6,-inf,-2,0.0,-inf,4,0.0,0,0,0,0,0,0,?
575,Tom,Lockyer,DEF,LUT,0,?,"Lockyer (DEF, ?)",0.0,0.0,0.0,-2,-inf,-6,-inf,-2,0.0,-inf,4,0.0,0,0,0,0,0,0,?
630,Ross,Barkley,MID,LUT,0,?,"Barkley (MID, ?)",0.0,0.0,0.0,-2,-inf,-6,0.0,-2,-inf,-inf,4,0.0,0,0,0,0,0,0,?
648,Aidan,Francis-Clarke,DEF,LUT,0,?,"Francis-Clarke (DEF, ?)",0.0,0.0,0.0,-2,-inf,-6,-inf,-2,0.0,-inf,4,0.0,0,0,0,0,0,0,?
665,Tim,Krul,GKP,LUT,0,?,"Krul (GKP, ?)",0.0,0.0,0.0,-2,-inf,-6,-inf,-2,0.0,-inf,4,0.0,0,0,0,0,0,0,?
365,Rodrigo,Hernandez,MID,MCI,16,?,"Rodrigo (MID, ?)",8.0,8.0,8.0,10,80.0,10,0.0,5,40.0,60.0,4,32.0,0,0,0,0,0,0,?
355,Erling,Haaland,FWD,MCI,15,?,"Haaland (FWD, ?)",7.5,7.5,7.5,10,75.0,10,0.0,5,37.5,56.25,4,30.0,0,0,0,0,0,0,?
341,Manuel,Akanji,DEF,MCI,13,?,"Akanji (DEF, ?)",6.5,6.5,6.5,10,65.0,10,65.0,5,0.0,65.0,4,26.0,0,0,0,0,0,0,?
343,Julián,Álvarez,FWD,MCI,12,?,"J.Alvarez (FWD, ?)",6.0,6.0,6.0,10,60.0,10,0.0,5,30.0,45.0,4,24.0,0,0,0,0,0,0,?
352,Ederson,Santana de Moraes,GKP,MCI,12,?,"Ederson M. (GKP, ?)",6.0,6.0,6.0,10,60.0,10,60.0,5,0.0,60.0,4,24.0,0,0,0,0,0,0,?
353,Phil,Foden,MID,MCI,12,?,"Foden (MID, ?)",6.0,6.0,6.0,10,60.0,10,0.0,5,30.0,45.0,4,24.0,0,0,0,0,0,0,?
369,Kyle,Walker,DEF,MCI,12,?,"Walker (DEF, ?)",6.0,6.0,6.0,10,60.0,10,60.0,5,0.0,60.0,4,24.0,0,0,0,0,0,0,?
342,Nathan,Aké,DEF,MCI,7,?,"Aké (DEF, ?)",7.0,3.5,5.833,10,58.33,10,58.33,5,0.0,58.33,4,23.332,0,0,0,0,0,0,?
350,Rúben,Gato Alves Dias,DEF,MCI,7,?,"Rúben (DEF, ?)",7.0,3.5,5.833,10,58.33,10,58.33,5,0.0,58.33,4,23.332,0,0,0,0,0,0,?
616,Joško,Gvardiol,DEF,MCI,7,?,"Gvardiol (DEF, ?)",3.5,3.5,3.5,10,35.0,10,35.0,5,0.0,35.0,4,14.0,0,0,0,0,0,0,?
358,Rico,Lewis,DEF,MCI,6,?,"R.Lewis (DEF, ?)",6.0,3.0,5.0,10,50.0,10,50.0,5,0.0,50.0,4,20.0,0,0,0,0,0,0,?
356,Mateo,Kovačić,MID,MCI,6,?,"Kovačić (MID, ?)",3.0,3.0,3.0,10,30.0,10,0.0,5,15.0,22.5,4,12.0,0,0,0,0,0,0,?
344,Bernardo,Veiga de Carvalho e Silva,MID,MCI,3,?,"Bernardo (MID, ?)",3.0,1.5,2.5,10,25.0,10,0.0,5,12.5,18.75,4,10.0,0,0,0,0,0,0,?
354,Jack,Grealish,MID,MCI,3,?,"Grealish (MID, ?)",3.0,1.5,2.5,10,25.0,10,0.0,5,12.5,18.75,4,10.0,0,0,0,0,0,0,?
349,Kevin,De Bruyne,MID,MCI,1,?,"De Bruyne (MID, ?)",1.0,0.5,0.833,10,8.33,10,0.0,5,4.165,6.2475000000000005,4,3.332,0,0,0,0,0,0,?
357,Aymeric,Laporte,DEF,MCI,1,?,"Laporte (DEF, ?)",1.0,0.5,0.833,10,8.33,10,8.33,5,0.0,8.33,4,3.332,0,0,0,0,0,0,?
360,James,McAtee,MID,MCI,1,?,"McAtee (MID, ?)",1.0,0.5,0.833,10,8.33,10,0.0,5,4.165,6.2475000000000005,4,3.332,0,0,0,0,0,0,?
362,Cole,Palmer,MID,MCI,1,?,"Palmer (MID, ?)",1.0,0.5,0.833,10,8.33,10,0.0,5,4.165,6.2475000000000005,4,3.332,0,0,0,0,0,0,?
345,Oscar,Bobb,MID,MCI,0,?,"Bobb (MID, ?)",0.0,0.0,0.0,10,0.0,10,0.0,5,0.0,0.0,4,0.0,0,0,0,0,0,0,?
346,João,Cancelo,DEF,MCI,0,?,"Cancelo (DEF, ?)",0.0,0.0,0.0,10,0.0,10,0.0,5,0.0,0.0,4,0.0,0,0,0,0,0,0,?
347,Scott,Carson,GKP,MCI,0,?,"Carson (GKP, ?)",0.0,0.0,0.0,10,0.0,10,0.0,5,0.0,0.0,4,0.0,0,0,0,0,0,0,?
348,Shea,Charles,MID,MCI,0,?,"Charles (MID, ?)",0.0,0.0,0.0,10,0.0,10,0.0,5,0.0,0.0,4,0.0,0,0,0,0,0,0,?
351,Tommy,Doyle,MID,MCI,0,?,"Doyle (MID, ?)",0.0,0.0,0.0,10,0.0,10,0.0,5,0.0,0.0,4,0.0,0,0,0,0,0,0,?
359,Riyad,Mahrez,MID,MCI,0,?,"Mahrez (MID, ?)",0.0,0.0,0.0,10,0.0,10,0.0,5,0.0,0.0,4,0.0,0,0,0,0,0,0,?
361,Stefan,Ortega Moreno,GKP,MCI,0,?,"Ortega Moreno (GKP, ?)",0.0,0.0,0.0,10,0.0,10,0.0,5,0.0,0.0,4,0.0,0,0,0,0,0,0,?
363,Máximo,Perrone,MID,MCI,0,?,"Perrone (MID, ?)",0.0,0.0,0.0,10,0.0,10,0.0,5,0.0,0.0,4,0.0,0,0,0,0,0,0,?
364,Kalvin,Phillips,MID,MCI,0,?,"Phillips (MID, ?)",0.0,0.0,0.0,10,0.0,10,0.0,5,0.0,0.0,4,0.0,0,0,0,0,0,0,?
366,Sergio,Gómez,DEF,MCI,0,?,"Sergio Gómez (DEF, ?)",0.0,0.0,0.0,10,0.0,10,0.0,5,0.0,0.0,4,0.0,0,0,0,0,0,0,?
367,Zack,Steffen,GKP,MCI,0,?,"Steffen (GKP, ?)",0.0,0.0,0.0,10,0.0,10,0.0,5,0.0,0.0,4,0.0,0,0,0,0,0,0,?
368,John,Stones,DEF,MCI,0,?,"Stones (DEF, ?)",0.0,0.0,0.0,10,0.0,10,0.0,5,0.0,0.0,4,0.0,0,0,0,0,0,0,?
395,Raphaël,Varane,DEF,MUN,15,?,"R.Varane (DEF, ?)",7.5,7.5,7.5,0,0.0,4,30.0,-3,0.0,15.0,4,30.0,0,0,0,0,0,0,?
401,Aaron,Wan-Bissaka,DEF,MUN,13,?,"Wan-Bissaka (DEF, ?)",6.5,6.5,6.5,0,0.0,4,26.0,-3,0.0,13.0,4,26.0,0,0,0,0,0,0,?
597,André,Onana,GKP,MUN,11,?,"Onana (GKP, ?)",5.5,5.5,5.5,0,0.0,4,22.0,-3,0.0,11.0,4,22.0,0,0,0,0,0,0,?
398,Luke,Shaw,DEF,MUN,6,?,"Shaw (DEF, ?)",3.0,3.0,3.0,0,0.0,4,12.0,-3,0.0,6.0,4,12.0,0,0,0,0,0,0,?
209,Mason,Mount,MID,MUN,5,?,"Mount (MID, ?)",2.5,2.5,2.5,0,0.0,4,0.0,-3,-1.2,-0.6,4,10.0,0,0,0,0,0,0,?
376,Carlos Henrique,Casimiro,MID,MUN,5,?,"Casemiro (MID, ?)",2.5,2.5,2.5,0,0.0,4,0.0,-3,-1.2,-0.6,4,10.0,0,0,0,0,0,0,?
382,Alejandro,Garnacho,MID,MUN,5,?,"Garnacho (MID, ?)",2.5,2.5,2.5,0,0.0,4,0.0,-3,-1.2,-0.6,4,10.0,0,0,0,0,0,0,?
396,Marcus,Rashford,MID,MUN,5,?,"Rashford (MID, ?)",2.5,2.5,2.5,0,0.0,4,0.0,-3,-1.2,-0.6,4,10.0,0,0,0,0,0,0,?
372,Antony Matheus,dos Santos,MID,MUN,4,?,"Antony (MID, ?)",2.0,2.0,2.0,0,0.0,4,0.0,-3,-1.5,-0.75,4,8.0,0,0,0,0,0,0,?
373,Bruno,Borges Fernandes,MID,MUN,4,?,"B.Fernandes (MID, ?)",2.0,2.0,2.0,0,0.0,4,0.0,-3,-1.5,-0.75,4,8.0,0,0,0,0,0,0,?
379,Christian,Eriksen,MID,MUN,2,?,"Eriksen (MID, ?)",1.0,1.0,1.0,0,0.0,4,0.0,-3,-3.0,-1.5,4,4.0,0,0,0,0,0,0,?
394,Facundo,Pellistri Rebollo,MID,MUN,2,?,"Pellistri (MID, ?)",1.0,1.0,1.0,0,0.0,4,0.0,-3,-3.0,-1.5,4,4.0,0,0,0,0,0,0,?
397,Jadon,Sancho,MID,MUN,2,?,"Sancho (MID, ?)",1.0,1.0,1.0,0,0.0,4,0.0,-3,-3.0,-1.5,4,4.0,0,0,0,0,0,0,?
377,Diogo,Dalot Teixeira,DEF,MUN,1,?,"Dalot (DEF, ?)",1.0,0.5,0.833,0,0.0,4,3.332,-3,0.0,1.666,4,3.332,0,0,0,0,0,0,?
386,Victor,Lindelöf,DEF,MUN,1,?,"Lindelof (DEF, ?)",1.0,0.5,0.833,0,0.0,4,3.332,-3,0.0,1.666,4,3.332,0,0,0,0,0,0,?
390,Anthony,Martial,FWD,MUN,1,?,"Martial (FWD, ?)",1.0,0.5,0.833,0,0.0,4,0.0,-3,-3.6014405762304924,-1.8007202881152462,4,3.332,0,0,0,0,0,0,?
392,Scott,McTominay,MID,MUN,1,?,"McTominay (MID, ?)",1.0,0.5,0.833,0,0.0,4,0.0,-3,-3.6014405762304924,-1.8007202881152462,4,3.332,0,0,0,0,0,0,?
370,Alex,Telles,DEF,MUN,0,?,"Alex Telles (DEF, ?)",0.0,0.0,0.0,0,0.0,4,0.0,-3,0.0,0.0,4,0.0,0,0,0,0,0,0,?
371,Amad,Diallo,MID,MUN,0,?,"Amad (MID, ?)",0.0,0.0,0.0,0,0.0,4,0.0,-3,-inf,-inf,4,0.0,0,0,0,0,0,0,?
374,Brandon,Williams,DEF,MUN,0,?,"B.Williams (DEF, ?)",0.0,0.0,0.0,0,0.0,4,0.0,-3,0.0,0.0,4,0.0,0,0,0,0,0,0,?
375,Eric,Bailly,DEF,MUN,0,?,"Bailly (DEF, ?)",0.0,0.0,0.0,0,0.0,4,0.0,-3,0.0,0.0,4,0.0,0,0,0,0,0,0,?
380,Álvaro,Fernández Carreras,DEF,MUN,0,?,"Fernandez (DEF, ?)",0.0,0.0,0.0,0,0.0,4,0.0,-3,0.0,0.0,4,0.0,0,0,0,0,0,0,?
381,Frederico,Rodrigues de Paula Santos,MID,MUN,0,?,"Fred (MID, ?)",0.0,0.0,0.0,0,0.0,4,0.0,-3,-inf,-inf,4,0.0,0,0,0,0,0,0,?
383,Hannibal,Mejbri,MID,MUN,0,?,"Hannibal (MID, ?)",0.0,0.0,0.0,0,0.0,4,0.0,-3,-inf,-inf,4,0.0,0,0,0,0,0,0,?
384,Tom,Heaton,GKP,MUN,0,?,"Heaton (GKP, ?)",0.0,0.0,0.0,0,0.0,4,0.0,-3,0.0,0.0,4,0.0,0,0,0,0,0,0,?
385,Dean,Henderson,GKP,MUN,0,?,"Henderson (GKP, ?)",0.0,0.0,0.0,0,0.0,4,0.0,-3,0.0,0.0,4,0.0,0,0,0,0,0,0,?
387,Harry,Maguire,DEF,MUN,0,?,"Maguire (DEF, ?)",0.0,0.0,0.0,0,0.0,4,0.0,-3,0.0,0.0,4,0.0,0,0,0,0,0,0,?
388,Kobbie,Mainoo,MID,MUN,0,?,"Mainoo (MID, ?)",0.0,0.0,0.0,0,0.0,4,0.0,-3,-inf,-inf,4,0.0,0,0,0,0,0,0,?
389,Tyrell,Malacia,DEF,MUN,0,?,"Malacia (DEF, ?)",0.0,0.0,0.0,0,0.0,4,0.0,-3,0.0,0.0,4,0.0,0,0,0,0,0,0,?
393,Teden,Mengi,DEF,MUN,0,?,"Mengi (DEF, ?)",0.0,0.0,0.0,0,0.0,4,0.0,-3,0.0,0.0,4,0.0,0,0,0,0,0,0,?
399,Shola,Shoretire,FWD,MUN,0,?,"Shoretire (FWD, ?)",0.0,0.0,0.0,0,0.0,4,0.0,-3,-inf,-inf,4,0.0,0,0,0,0,0,0,?
400,Donny,van de Beek,MID,MUN,0,?,"Van de Beek (MID, ?)",0.0,0.0,0.0,0,0.0,4,0.0,-3,-inf,-inf,4,0.0,0,0,0,0,0,0,?
617,Rasmus,Højlund,FWD,MUN,0,?,"Højlund (FWD, ?)",0.0,0.0,0.0,0,0.0,4,0.0,-3,-inf,-inf,4,0.0,0,0,0,0,0,0,?
632,Omari,Forson,MID,MUN,0,?,"Forson (MID, ?)",0.0,0.0,0.0,0,0.0,4,0.0,-3,-inf,-inf,4,0.0,0,0,0,0,0,0,?
669,Radek,Vítek,GKP,MUN,0,?,"Vítek (GKP, ?)",0.0,0.0,0.0,0,0.0,4,0.0,-3,0.0,0.0,4,0.0,0,0,0,0,0,0,?
391,Lisandro,Martínez,DEF,MUN,-1,?,"Martinez (DEF, ?)",-0.5,-0.5,0.0,0,0.0,4,0.0,-3,0.0,0.0,4,0.0,0,0,0,0,0,0,?
415,Alexander,Isak,FWD,NEW,15,?,"Isak (FWD, ?)",7.5,7.5,7.5,2,15.0,-3,0.0,7,52.5,33.75,4,30.0,0,0,0,0,0,0,?
603,Harvey,Barnes,MID,NEW,11,?,"Barnes (MID, ?)",5.5,5.5,5.5,2,11.0,-3,0.0,7,38.5,24.75,4,22.0,0,0,0,0,0,0,?
405,Sven,Botman,DEF,NEW,7,?,"Botman (DEF, ?)",3.5,3.5,3.5,2,7.0,-3,-0.8571428571428571,7,0.0,3.0714285714285716,4,14.0,0,0,0,0,0,0,?
429,Sandro,Tonali,MID,NEW,7,?,"Tonali (MID, ?)",3.5,3.5,3.5,2,7.0,-3,0.0,7,24.5,15.75,4,14.0,0,0,0,0,0,0,?
424,Nick,Pope,GKP,NEW,6,?,"Pope (GKP, ?)",3.0,3.0,3.0,2,6.0,-3,-1.0,7,0.0,2.5,4,12.0,0,0,0,0,0,0,?
433,Callum,Wilson,FWD,NEW,6,?,"Wilson (FWD, ?)",3.0,3.0,3.0,2,6.0,-3,0.0,7,21.0,13.5,4,12.0,0,0,0,0,0,0,?
423,Jacob,Murphy,MID,NEW,4,?,"J.Murphy (MID, ?)",4.0,2.0,3.333,2,6.666,-3,0.0,7,23.331000000000003,14.998500000000002,4,13.332,0,0,0,0,0,0,?
402,Miguel,Almirón Rejala,MID,NEW,4,?,"Almirón (MID, ?)",2.0,2.0,2.0,2,4.0,-3,0.0,7,14.0,9.0,4,8.0,0,0,0,0,0,0,?
407,Dan,Burn,DEF,NEW,4,?,"Burn (DEF, ?)",2.0,2.0,2.0,2,4.0,-3,-1.5,7,0.0,1.25,4,8.0,0,0,0,0,0,0,?
412,Anthony,Gordon,MID,NEW,4,?,"Gordon (MID, ?)",2.0,2.0,2.0,2,4.0,-3,0.0,7,14.0,9.0,4,8.0,0,0,0,0,0,0,?
427,Fabian,Schär,DEF,NEW,4,?,"Schär (DEF, ?)",2.0,2.0,2.0,2,4.0,-3,-1.5,7,0.0,1.25,4,8.0,0,0,0,0,0,0,?
430,Kieran,Trippier,DEF,NEW,4,?,"Trippier (DEF, ?)",2.0,2.0,2.0,2,4.0,-3,-1.5,7,0.0,1.25,4,8.0,0,0,0,0,0,0,?
403,Elliot,Anderson,MID,NEW,2,?,"Anderson (MID, ?)",1.0,1.0,1.0,2,2.0,-3,0.0,7,7.0,4.5,4,4.0,0,0,0,0,0,0,?
406,Bruno,Guimarães Rodriguez Moura,MID,NEW,2,?,"Bruno G. (MID, ?)",1.0,1.0,1.0,2,2.0,-3,0.0,7,7.0,4.5,4,4.0,0,0,0,0,0,0,?
416,Joelinton Cássio,Apolinário de Lira,MID,NEW,2,?,"Joelinton (MID, ?)",1.0,1.0,1.0,2,2.0,-3,0.0,7,7.0,4.5,4,4.0,0,0,0,0,0,0,?
421,Sean,Longstaff,MID,NEW,2,?,"Longstaff (MID, ?)",1.0,1.0,1.0,2,2.0,-3,0.0,7,7.0,4.5,4,4.0,0,0,0,0,0,0,?
633,Tino,Livramento,DEF,NEW,1,?,"Livramento (DEF, ?)",1.0,0.5,0.833,2,1.666,-3,-3.6014405762304924,7,0.0,-0.9677202881152462,4,3.332,0,0,0,0,0,0,?
204,Lewis,Hall,DEF,NEW,0,?,"Hall (DEF, ?)",0.0,0.0,0.0,2,0.0,-3,-inf,7,0.0,-inf,4,0.0,0,0,0,0,0,0,?
404,Harrison,Ashby,DEF,NEW,0,?,"Ashby (DEF, ?)",0.0,0.0,0.0,2,0.0,-3,-inf,7,0.0,-inf,4,0.0,0,0,0,0,0,0,?
408,Karl,Darlow,GKP,NEW,0,?,"Darlow (GKP, ?)",0.0,0.0,0.0,2,0.0,-3,-inf,7,0.0,-inf,4,0.0,0,0,0,0,0,0,?
409,Martin,Dubravka,GKP,NEW,0,?,"Dubravka (GKP, ?)",0.0,0.0,0.0,2,0.0,-3,-inf,7,0.0,-inf,4,0.0,0,0,0,0,0,0,?
410,Ryan,Fraser,MID,NEW,0,?,"Fraser (MID, ?)",0.0,0.0,0.0,2,0.0,-3,0.0,7,0.0,0.0,4,0.0,0,0,0,0,0,0,?
411,Mark,Gillespie,GKP,NEW,0,?,"Gillespie (GKP, ?)",0.0,0.0,0.0,2,0.0,-3,-inf,7,0.0,-inf,4,0.0,0,0,0,0,0,0,?
413,Isaac,Hayden,MID,NEW,0,?,"Hayden (MID, ?)",0.0,0.0,0.0,2,0.0,-3,0.0,7,0.0,0.0,4,0.0,0,0,0,0,0,0,?
414,Jeff,Hendrick,MID,NEW,0,?,"Hendrick (MID, ?)",0.0,0.0,0.0,2,0.0,-3,0.0,7,0.0,0.0,4,0.0,0,0,0,0,0,0,?
417,Emil,Krafth,DEF,NEW,0,?,"Krafth (DEF, ?)",0.0,0.0,0.0,2,0.0,-3,-inf,7,0.0,-inf,4,0.0,0,0,0,0,0,0,?
418,Garang,Kuol,MID,NEW,0,?,"Kuol (MID, ?)",0.0,0.0,0.0,2,0.0,-3,0.0,7,0.0,0.0,4,0.0,0,0,0,0,0,0,?
419,Jamaal,Lascelles,DEF,NEW,0,?,"Lascelles (DEF, ?)",0.0,0.0,0.0,2,0.0,-3,-inf,7,0.0,-inf,4,0.0,0,0,0,0,0,0,?
420,Jamal,Lewis,DEF,NEW,0,?,"J.Lewis (DEF, ?)",0.0,0.0,0.0,2,0.0,-3,-inf,7,0.0,-inf,4,0.0,0,0,0,0,0,0,?
422,Javier,Manquillo Gaitán,DEF,NEW,0,?,"Manquillo (DEF, ?)",0.0,0.0,0.0,2,0.0,-3,-inf,7,0.0,-inf,4,0.0,0,0,0,0,0,0,?
425,Matt,Ritchie,MID,NEW,0,?,"Ritchie (MID, ?)",0.0,0.0,0.0,2,0.0,-3,0.0,7,0.0,0.0,4,0.0,0,0,0,0,0,0,?
426,Allan,Saint-Maximin,MID,NEW,0,?,"Saint-Maximin (MID, ?)",0.0,0.0,0.0,2,0.0,-3,0.0,7,0.0,0.0,4,0.0,0,0,0,0,0,0,?
428,Matt,Targett,DEF,NEW,0,?,"Targett (DEF, ?)",0.0,0.0,0.0,2,0.0,-3,-inf,7,0.0,-inf,4,0.0,0,0,0,0,0,0,?
431,Kell,Watts,DEF,NEW,0,?,"Watts (DEF, ?)",0.0,0.0,0.0,2,0.0,-3,-inf,7,0.0,-inf,4,0.0,0,0,0,0,0,0,?
432,Joe,Willock,MID,NEW,0,?,"Willock (MID, ?)",0.0,0.0,0.0,2,0.0,-3,0.0,7,0.0,0.0,4,0.0,0,0,0,0,0,0,?
580,Loris,Karius,GKP,NEW,0,?,"Karius (GKP, ?)",0.0,0.0,0.0,2,0.0,-3,-inf,7,0.0,-inf,4,0.0,0,0,0,0,0,0,?
581,Paul,Dummett,DEF,NEW,0,?,"Dummett (DEF, ?)",0.0,0.0,0.0,2,0.0,-3,-inf,7,0.0,-inf,4,0.0,0,0,0,0,0,0,?
634,Alex,Murphy,DEF,NEW,0,?,"A.Murphy (DEF, ?)",0.0,0.0,0.0,2,0.0,-3,-inf,7,0.0,-inf,4,0.0,0,0,0,0,0,0,?
635,Lewis,Miley,MID,NEW,0,?,"Miley (MID, ?)",0.0,0.0,0.0,2,0.0,-3,0.0,7,0.0,0.0,4,0.0,0,0,0,0,0,0,?
437,Taiwo,Awoniyi,FWD,NFO,14,?,"Awoniyi (FWD, ?)",7.0,7.0,7.0,-3,-0.42857142857142855,-2,0.0,0,0.0,-0.21428571428571427,4,28.0,0,0,0,0,0,0,?
436,Serge,Aurier,DEF,NFO,11,?,"Aurier (DEF, ?)",5.5,5.5,5.5,-3,-0.5454545454545454,-2,-0.36363636363636365,0,0.0,-0.45454545454545453,4,22.0,0,0,0,0,0,0,?
468,Chris,Wood,FWD,NFO,8,?,"Wood (FWD, ?)",4.0,4.0,4.0,-3,-0.75,-2,0.0,0,0.0,-0.375,4,16.0,0,0,0,0,0,0,?
378,Anthony,Elanga,MID,NFO,5,?,"Elanga (MID, ?)",2.5,2.5,2.5,-3,-1.2,-2,0.0,0,0.0,-0.6,4,10.0,0,0,0,0,0,0,?
28,Matt,Turner,GKP,NFO,4,?,"Turner (GKP, ?)",2.0,2.0,2.0,-3,-1.5,-2,-1.0,0,0.0,-1.25,4,8.0,0,0,0,0,0,0,?
442,Danilo,dos Santos de Oliveira,MID,NFO,4,?,"Danilo (MID, ?)",2.0,2.0,2.0,-3,-1.5,-2,0.0,0,0.0,-0.75,4,8.0,0,0,0,0,0,0,?
447,Morgan,Gibbs-White,MID,NFO,4,?,"Gibbs-White (MID, ?)",2.0,2.0,2.0,-3,-1.5,-2,0.0,0,0.0,-0.75,4,8.0,0,0,0,0,0,0,?
450,Brennan,Johnson,MID,NFO,4,?,"Johnson (MID, ?)",2.0,2.0,2.0,-3,-1.5,-2,0.0,0,0.0,-0.75,4,8.0,0,0,0,0,0,0,?
453,Orel,Mangala,MID,NFO,3,?,"Mangala (MID, ?)",1.5,1.5,1.5,-3,-2.0,-2,0.0,0,0.0,-1.0,4,6.0,0,0,0,0,0,0,?
455,Scott,McKenna,DEF,NFO,3,?,"McKenna (DEF, ?)",1.5,1.5,1.5,-3,-2.0,-2,-1.3333333333333333,0,0.0,-1.6666666666666665,4,6.0,0,0,0,0,0,0,?
467,Neco,Williams,DEF,NFO,3,?,"Williams (DEF, ?)",1.5,1.5,1.5,-3,-2.0,-2,-1.3333333333333333,0,0.0,-1.6666666666666665,4,6.0,0,0,0,0,0,0,?
469,Joe,Worrall,DEF,NFO,3,?,"Worrall (DEF, ?)",1.5,1.5,1.5,-3,-2.0,-2,-1.3333333333333333,0,0.0,-1.6666666666666665,4,6.0,0,0,0,0,0,0,?
470,Ryan,Yates,MID,NFO,3,?,"Yates (MID, ?)",1.5,1.5,1.5,-3,-2.0,-2,0.0,0,0.0,-1.0,4,6.0,0,0,0,0,0,0,?
439,Willy,Boly,DEF,NFO,2,?,"Boly (DEF, ?)",1.0,1.0,1.0,-3,-3.0,-2,-2.0,0,0.0,-2.5,4,4.0,0,0,0,0,0,0,?
451,Cheikhou,Kouyaté,MID,NFO,2,?,"Kouyaté (MID, ?)",1.0,1.0,1.0,-3,-3.0,-2,0.0,0,0.0,-1.5,4,4.0,0,0,0,0,0,0,?
457,Moussa,Niakhaté,DEF,NFO,1,?,"Niakhaté (DEF, ?)",1.0,0.5,0.833,-3,-3.6014405762304924,-2,-2.4009603841536618,0,0.0,-3.001200480192077,4,3.332,0,0,0,0,0,0,?
434,Brandon,Aguilera Zamora,MID,NFO,0,?,"B.Aguilera (MID, ?)",0.0,0.0,0.0,-3,-inf,-2,0.0,0,0.0,-inf,4,0.0,0,0,0,0,0,0,?
435,Harry,Arter,MID,NFO,0,?,"Arter (MID, ?)",0.0,0.0,0.0,-3,-inf,-2,0.0,0,0.0,-inf,4,0.0,0,0,0,0,0,0,?
438,Giulian,Biancone,DEF,NFO,0,?,"Biancone (DEF, ?)",0.0,0.0,0.0,-3,-inf,-2,-inf,0,0.0,-inf,4,0.0,0,0,0,0,0,0,?
440,Josh,Bowler,MID,NFO,0,?,"Bowler (MID, ?)",0.0,0.0,0.0,-3,-inf,-2,0.0,0,0.0,-inf,4,0.0,0,0,0,0,0,0,?
441,Steve,Cook,DEF,NFO,0,?,"Cook (DEF, ?)",0.0,0.0,0.0,-3,-inf,-2,-inf,0,0.0,-inf,4,0.0,0,0,0,0,0,0,?
443,Emmanuel,Dennis,FWD,NFO,0,?,"Dennis (FWD, ?)",0.0,0.0,0.0,-3,-inf,-2,0.0,0,0.0,-inf,4,0.0,0,0,0,0,0,0,?
444,Mohamed,Dräger,DEF,NFO,0,?,"Dräger (DEF, ?)",0.0,0.0,0.0,-3,-inf,-2,-inf,0,0.0,-inf,4,0.0,0,0,0,0,0,0,?
445,Felipe Augusto,de Almeida Monteiro,DEF,NFO,0,?,"Felipe (DEF, ?)",0.0,0.0,0.0,-3,-inf,-2,-inf,0,0.0,-inf,4,0.0,0,0,0,0,0,0,?
446,Remo,Freuler,MID,NFO,0,?,"Freuler (MID, ?)",0.0,0.0,0.0,-3,-inf,-2,0.0,0,0.0,-inf,4,0.0,0,0,0,0,0,0,?
448,Wayne,Hennessey,GKP,NFO,0,?,"Hennessey (GKP, ?)",0.0,0.0,0.0,-3,-inf,-2,-inf,0,0.0,-inf,4,0.0,0,0,0,0,0,0,?
449,Ethan,Horvath,GKP,NFO,0,?,"Horvath (GKP, ?)",0.0,0.0,0.0,-3,-inf,-2,-inf,0,0.0,-inf,4,0.0,0,0,0,0,0,0,?
452,Richie,Laryea,DEF,NFO,0,?,"Laryea (DEF, ?)",0.0,0.0,0.0,-3,-inf,-2,-inf,0,0.0,-inf,4,0.0,0,0,0,0,0,0,?
454,Loïc,Mbe Soh,DEF,NFO,0,?,"Mbe Soh (DEF, ?)",0.0,0.0,0.0,-3,-inf,-2,-inf,0,0.0,-inf,4,0.0,0,0,0,0,0,0,?
456,Alex,Mighten,MID,NFO,0,?,"Mighten (MID, ?)",0.0,0.0,0.0,-3,-inf,-2,0.0,0,0.0,-inf,4,0.0,0,0,0,0,0,0,?
458,Lewis,O'Brien,MID,NFO,0,?,"O'Brien (MID, ?)",0.0,0.0,0.0,-3,-inf,-2,0.0,0,0.0,-inf,4,0.0,0,0,0,0,0,0,?
459,Braian,Ojeda Rodríguez,MID,NFO,0,?,"Ojeda (MID, ?)",0.0,0.0,0.0,-3,-inf,-2,0.0,0,0.0,-inf,4,0.0,0,0,0,0,0,0,?
460,Jonathan,Panzo,DEF,NFO,0,?,"Panzo (DEF, ?)",0.0,0.0,0.0,-3,-inf,-2,-inf,0,0.0,-inf,4,0.0,0,0,0,0,0,0,?
461,Omar,Richards,DEF,NFO,0,?,"O.Richards (DEF, ?)",0.0,0.0,0.0,-3,-inf,-2,-inf,0,0.0,-inf,4,0.0,0,0,0,0,0,0,?
462,Gustavo Henrique,Furtado Scarpa,MID,NFO,0,?,"G.Scarpa (MID, ?)",0.0,0.0,0.0,-3,-inf,-2,0.0,0,0.0,-inf,4,0.0,0,0,0,0,0,0,?
463,Jonjo,Shelvey,MID,NFO,0,?,"J.Shelvey (MID, ?)",0.0,0.0,0.0,-3,-inf,-2,0.0,0,0.0,-inf,4,0.0,0,0,0,0,0,0,?
464,Sam,Surridge,FWD,NFO,0,?,"Surridge (FWD, ?)",0.0,0.0,0.0,-3,-inf,-2,0.0,0,0.0,-inf,4,0.0,0,0,0,0,0,0,?
465,Harry,Toffolo,DEF,NFO,0,?,"Toffolo (DEF, ?)",0.0,0.0,0.0,-3,-inf,-2,-inf,0,0.0,-inf,4,0.0,0,0,0,0,0,0,?
466,Hwang,Ui-jo,FWD,NFO,0,?,"Ui-jo (FWD, ?)",0.0,0.0,0.0,-3,-inf,-2,0.0,0,0.0,-inf,4,0.0,0,0,0,0,0,0,?
604,Olu,Aina,DEF,NFO,0,?,"Aina (DEF, ?)",0.0,0.0,0.0,-3,-inf,-2,-inf,0,0.0,-inf,4,0.0,0,0,0,0,0,0,?
636,George,Shelvey,GKP,NFO,0,?,"G.Shelvey (GKP, ?)",0.0,0.0,0.0,-3,-inf,-2,-inf,0,0.0,-inf,4,0.0,0,0,0,0,0,0,?
637,Josh,Powell,DEF,NFO,0,?,"Powell (DEF, ?)",0.0,0.0,0.0,-3,-inf,-2,-inf,0,0.0,-inf,4,0.0,0,0,0,0,0,0,?
663,Gustavo,Hamer,MID,SHU,6,?,"Hamer (MID, ?)",6.0,6.0,6.0,-10,-1.6666666666666667,-6,0.0,-9,-1.5,-1.5833333333333335,4,24.0,0,0,0,0,0,0,?
482,Wes,Foderingham,GKP,SHU,5,?,"Foderingham (GKP, ?)",2.5,2.5,2.5,-10,-4.0,-6,-2.4,-9,0.0,-3.2,4,10.0,0,0,0,0,0,0,?
593,Bénie,Traoré,FWD,SHU,4,?,"T.Bénie (FWD, ?)",2.0,2.0,2.0,-10,-5.0,-6,0.0,-9,-4.5,-4.75,4,8.0,0,0,0,0,0,0,?
474,Chris,Basham,DEF,SHU,3,?,"Basham (DEF, ?)",1.5,1.5,1.5,-10,-6.666666666666667,-6,-4.0,-9,0.0,-5.333333333333334,4,6.0,0,0,0,0,0,0,?
480,John,Egan,DEF,SHU,3,?,"Egan (DEF, ?)",1.5,1.5,1.5,-10,-6.666666666666667,-6,-4.0,-9,0.0,-5.333333333333334,4,6.0,0,0,0,0,0,0,?
484,Max,Lowe,DEF,SHU,3,?,"Lowe (DEF, ?)",1.5,1.5,1.5,-10,-6.666666666666667,-6,-4.0,-9,0.0,-5.333333333333334,4,6.0,0,0,0,0,0,0,?
488,Oliver,Norwood,MID,SHU,3,?,"Norwood (MID, ?)",1.5,1.5,1.5,-10,-6.666666666666667,-6,0.0,-9,-6.0,-6.333333333333334,4,6.0,0,0,0,0,0,0,?
489,Ben,Osborn,MID,SHU,3,?,"Osborn (MID, ?)",1.5,1.5,1.5,-10,-6.666666666666667,-6,0.0,-9,-6.0,-6.333333333333334,4,6.0,0,0,0,0,0,0,?
490,William,Osula,FWD,SHU,3,?,"Osula (FWD, ?)",1.5,1.5,1.5,-10,-6.666666666666667,-6,0.0,-9,-6.0,-6.333333333333334,4,6.0,0,0,0,0,0,0,?
576,Jack,Robinson,DEF,SHU,3,?,"Robinson (DEF, ?)",1.5,1.5,1.5,-10,-6.666666666666667,-6,-4.0,-9,0.0,-5.333333333333334,4,6.0,0,0,0,0,0,0,?
473,George,Baldock,DEF,SHU,2,?,"Baldock (DEF, ?)",2.0,1.0,1.667,-10,-5.9988002399520095,-6,-3.599280143971206,-9,0.0,-4.799040191961607,4,6.668,0,0,0,0,0,0,?
471,Anel,Ahmedhodžić,DEF,SHU,2,?,"Ahmedhodžić (DEF, ?)",1.0,1.0,1.0,-10,-10.0,-6,-6.0,-9,0.0,-8.0,4,4.0,0,0,0,0,0,0,?
592,Yasser,Larouci,DEF,SHU,2,?,"Larouci (DEF, ?)",1.0,1.0,1.0,-10,-10.0,-6,-6.0,-9,0.0,-8.0,4,4.0,0,0,0,0,0,0,?
638,Vini,de Souza Costa,MID,SHU,2,?,"Vini Souza (MID, ?)",1.0,1.0,1.0,-10,-10.0,-6,0.0,-9,-9.0,-9.5,4,4.0,0,0,0,0,0,0,?
655,Andre,Brooks,MID,SHU,2,?,"Brooks (MID, ?)",1.0,1.0,1.0,-10,-10.0,-6,0.0,-9,-9.0,-9.5,4,4.0,0,0,0,0,0,0,?
656,Antwoine,Hackford,FWD,SHU,2,?,"Hackford (FWD, ?)",1.0,1.0,1.0,-10,-10.0,-6,0.0,-9,-9.0,-9.5,4,4.0,0,0,0,0,0,0,?
27,Auston,Trusty,DEF,SHU,0,?,"Trusty (DEF, ?)",0.0,0.0,0.0,-10,-inf,-6,-inf,-9,0.0,-inf,4,0.0,0,0,0,0,0,0,?
472,Jordan,Amissah,GKP,SHU,0,?,"Amissah (GKP, ?)",0.0,0.0,0.0,-10,-inf,-6,-inf,-9,0.0,-inf,4,0.0,0,0,0,0,0,0,?
476,Jayden,Bogle,DEF,SHU,0,?,"Bogle (DEF, ?)",0.0,0.0,0.0,-10,-inf,-6,-inf,-9,0.0,-inf,4,0.0,0,0,0,0,0,0,?
477,Rhian,Brewster,FWD,SHU,0,?,"Brewster (FWD, ?)",0.0,0.0,0.0,-10,-inf,-6,0.0,-9,-inf,-inf,4,0.0,0,0,0,0,0,0,?
478,Ismaila,Coulibaly,MID,SHU,0,?,"Coulibaly (MID, ?)",0.0,0.0,0.0,-10,-inf,-6,0.0,-9,-inf,-inf,4,0.0,0,0,0,0,0,0,?
479,Adam,Davies,GKP,SHU,0,?,"A.Davies (GKP, ?)",0.0,0.0,0.0,-10,-inf,-6,-inf,-9,0.0,-inf,4,0.0,0,0,0,0,0,0,?
481,John,Fleck,MID,SHU,0,?,"Fleck (MID, ?)",0.0,0.0,0.0,-10,-inf,-6,0.0,-9,-inf,-inf,4,0.0,0,0,0,0,0,0,?
483,Daniel,Jebbison,FWD,SHU,0,?,"Jebbison (FWD, ?)",0.0,0.0,0.0,-10,-inf,-6,0.0,-9,-inf,-inf,4,0.0,0,0,0,0,0,0,?
485,Oliver,McBurnie,FWD,SHU,0,?,"McBurnie (FWD, ?)",0.0,0.0,0.0,-10,-inf,-6,0.0,-9,-inf,-inf,4,0.0,0,0,0,0,0,0,?
486,Iliman,Ndiaye,FWD,SHU,0,?,"Ndiaye (FWD, ?)",0.0,0.0,0.0,-10,-inf,-6,0.0,-9,-inf,-inf,4,0.0,0,0,0,0,0,0,?
487,Rhys,Norrington-Davies,DEF,SHU,0,?,"Norrington-Davies (DEF, ?)",0.0,0.0,0.0,-10,-inf,-6,-inf,-9,0.0,-inf,4,0.0,0,0,0,0,0,0,?
587,Anis,Slimane,MID,SHU,0,?,"Slimane (MID, ?)",0.0,0.0,0.0,-10,-inf,-6,0.0,-9,-inf,-inf,4,0.0,0,0,0,0,0,0,?
653,Femi,Seriki,DEF,SHU,0,?,"Seriki (DEF, ?)",0.0,0.0,0.0,-10,-inf,-6,-inf,-9,0.0,-inf,4,0.0,0,0,0,0,0,0,?
654,Louie,Marsh,FWD,SHU,0,?,"Marsh (FWD, ?)",0.0,0.0,0.0,-10,-inf,-6,0.0,-9,-inf,-inf,4,0.0,0,0,0,0,0,0,?
666,Tom,Davies,MID,SHU,0,?,"T.Davies (MID, ?)",0.0,0.0,0.0,-10,-inf,-6,0.0,-9,-inf,-inf,4,0.0,0,0,0,0,0,0,?
511,Cristian,Romero,DEF,TOT,13,?,"Romero (DEF, ?)",6.5,6.5,6.5,8,52.0,8,52.0,6,0.0,52.0,4,26.0,0,0,0,0,0,0,?
504,James,Maddison,MID,TOT,12,?,"Maddison (MID, ?)",6.0,6.0,6.0,8,48.0,8,0.0,6,36.0,42.0,4,24.0,0,0,0,0,0,0,?
520,Guglielmo,Vicario,GKP,TOT,12,?,"Vicario (GKP, ?)",6.0,6.0,6.0,8,48.0,8,48.0,6,0.0,48.0,4,24.0,0,0,0,0,0,0,?
513,Pape Matar,Sarr,MID,TOT,11,?,"Sarr (MID, ?)",5.5,5.5,5.5,8,44.0,8,0.0,6,33.0,38.5,4,22.0,0,0,0,0,0,0,?
497,Emerson,Leite de Souza Junior,DEF,TOT,9,?,"E.Royal (DEF, ?)",4.5,4.5,4.5,8,36.0,8,36.0,6,0.0,36.0,4,18.0,0,0,0,0,0,0,?
639,Micky,van de Ven,DEF,TOT,8,?,"Van de Ven (DEF, ?)",4.0,4.0,4.0,8,32.0,8,32.0,6,0.0,32.0,4,16.0,0,0,0,0,0,0,?
506,Pedro,Porro,DEF,TOT,6,?,"Pedro Porro (DEF, ?)",6.0,3.0,5.0,8,40.0,8,40.0,6,0.0,40.0,4,20.0,0,0,0,0,0,0,?
519,Destiny,Udogie,DEF,TOT,6,?,"Udogie (DEF, ?)",3.0,3.0,3.0,8,24.0,8,24.0,6,0.0,24.0,4,12.0,0,0,0,0,0,0,?
493,Yves,Bissouma,MID,TOT,5,?,"Bissouma (MID, ?)",2.5,2.5,2.5,8,20.0,8,0.0,6,15.0,17.5,4,10.0,0,0,0,0,0,0,?
501,Dejan,Kulusevski,MID,TOT,5,?,"Kulusevski (MID, ?)",2.5,2.5,2.5,8,20.0,8,0.0,6,15.0,17.5,4,10.0,0,0,0,0,0,0,?
509,Richarlison,de Andrade,MID,TOT,5,?,"Richarlison (MID, ?)",2.5,2.5,2.5,8,20.0,8,0.0,6,15.0,17.5,4,10.0,0,0,0,0,0,0,?
516,Son,Heung-min,MID,TOT,5,?,"Son (MID, ?)",2.5,2.5,2.5,8,20.0,8,0.0,6,15.0,17.5,4,10.0,0,0,0,0,0,0,?
495,Ben,Davies,DEF,TOT,4,?,"Davies (DEF, ?)",4.0,2.0,3.333,8,26.664,8,26.664,6,0.0,26.664,4,13.332,0,0,0,0,0,0,?
507,Ivan,Perišić,DEF,TOT,2,?,"Perišić (DEF, ?)",1.0,1.0,1.0,8,8.0,8,8.0,6,0.0,8.0,4,4.0,0,0,0,0,0,0,?
499,Pierre-Emile,Højbjerg,MID,TOT,1,?,"Højbjerg (MID, ?)",1.0,0.5,0.833,8,6.664,8,0.0,6,4.997999999999999,5.8309999999999995,4,3.332,0,0,0,0,0,0,?
515,Oliver,Skipp,MID,TOT,1,?,"Skipp (MID, ?)",1.0,0.5,0.833,8,6.664,8,0.0,6,4.997999999999999,5.8309999999999995,4,3.332,0,0,0,0,0,0,?
583,Manor,Solomon,MID,TOT,1,?,"Solomon (MID, ?)",1.0,0.5,0.833,8,6.664,8,0.0,6,4.997999999999999,5.8309999999999995,4,3.332,0,0,0,0,0,0,?
491,Brandon,Austin,GKP,TOT,0,?,"Austin (GKP, ?)",0.0,0.0,0.0,8,0.0,8,0.0,6,0.0,0.0,4,0.0,0,0,0,0,0,0,?
492,Rodrigo,Bentancur,MID,TOT,0,?,"Bentancur (MID, ?)",0.0,0.0,0.0,8,0.0,8,0.0,6,0.0,0.0,4,0.0,0,0,0,0,0,0,?
494,Bryan,Gil Salvatierra,MID,TOT,0,?,"Bryan (MID, ?)",0.0,0.0,0.0,8,0.0,8,0.0,6,0.0,0.0,4,0.0,0,0,0,0,0,0,?
496,Eric,Dier,DEF,TOT,0,?,"Dier (DEF, ?)",0.0,0.0,0.0,8,0.0,8,0.0,6,0.0,0.0,4,0.0,0,0,0,0,0,0,?
498,Fraser,Forster,GKP,TOT,0,?,"Forster (GKP, ?)",0.0,0.0,0.0,8,0.0,8,0.0,6,0.0,0.0,4,0.0,0,0,0,0,0,0,?
500,Harry,Kane,FWD,TOT,0,?,"Kane (FWD, ?)",0.0,0.0,0.0,8,0.0,8,0.0,6,0.0,0.0,4,0.0,0,0,0,0,0,0,?
502,Hugo,Lloris,GKP,TOT,0,?,"Lloris (GKP, ?)",0.0,0.0,0.0,8,0.0,8,0.0,6,0.0,0.0,4,0.0,0,0,0,0,0,0,?
503,Giovani,Lo Celso,MID,TOT,0,?,"Lo Celso (MID, ?)",0.0,0.0,0.0,8,0.0,8,0.0,6,0.0,0.0,4,0.0,0,0,0,0,0,0,?
505,Tanguy,Ndombélé Alvaro,MID,TOT,0,?,"Ndombele (MID, ?)",0.0,0.0,0.0,8,0.0,8,0.0,6,0.0,0.0,4,0.0,0,0,0,0,0,0,?
508,Sergio,Reguilón,DEF,TOT,0,?,"Reguilón (DEF, ?)",0.0,0.0,0.0,8,0.0,8,0.0,6,0.0,0.0,4,0.0,0,0,0,0,0,0,?
510,Joe,Rodon,DEF,TOT,0,?,"Rodon (DEF, ?)",0.0,0.0,0.0,8,0.0,8,0.0,6,0.0,0.0,4,0.0,0,0,0,0,0,0,?
512,Davinson,Sánchez,DEF,TOT,0,?,"Sánchez (DEF, ?)",0.0,0.0,0.0,8,0.0,8,0.0,6,0.0,0.0,4,0.0,0,0,0,0,0,0,?
514,Ryan,Sessegnon,DEF,TOT,0,?,"Sessegnon (DEF, ?)",0.0,0.0,0.0,8,0.0,8,0.0,6,0.0,0.0,4,0.0,0,0,0,0,0,0,?
517,Djed,Spence,DEF,TOT,0,?,"Spence (DEF, ?)",0.0,0.0,0.0,8,0.0,8,0.0,6,0.0,0.0,4,0.0,0,0,0,0,0,0,?
518,Japhet,Tanganga,DEF,TOT,0,?,"Tanganga (DEF, ?)",0.0,0.0,0.0,8,0.0,8,0.0,6,0.0,0.0,4,0.0,0,0,0,0,0,0,?
521,Alfie,Whiteman,GKP,TOT,0,?,"Whiteman (GKP, ?)",0.0,0.0,0.0,8,0.0,8,0.0,6,0.0,0.0,4,0.0,0,0,0,0,0,0,?
640,Dane,Scarlett,FWD,TOT,0,?,"Scarlett (FWD, ?)",0.0,0.0,0.0,8,0.0,8,0.0,6,0.0,0.0,4,0.0,0,0,0,0,0,0,?
641,Alejo,Véliz,FWD,TOT,0,?,"Veliz (FWD, ?)",0.0,0.0,0.0,8,0.0,8,0.0,6,0.0,0.0,4,0.0,0,0,0,0,0,0,?
664,James,Ward-Prowse,MID,WHU,9,?,"Ward-Prowse (MID, ?)",9.0,9.0,9.0,1,9.0,-3,0.0,4,36.0,22.5,4,36.0,0,0,0,0,0,0,?
524,Alphonse,Areola,GKP,WHU,13,?,"Areola (GKP, ?)",6.5,6.5,6.5,1,6.5,-3,-0.46153846153846156,4,0.0,3.019230769230769,4,26.0,0,0,0,0,0,0,?
526,Jarrod,Bowen,MID,WHU,11,?,"Bowen (MID, ?)",5.5,5.5,5.5,1,5.5,-3,0.0,4,22.0,13.75,4,22.0,0,0,0,0,0,0,?
523,Michail,Antonio,FWD,WHU,10,?,"Antonio (FWD, ?)",5.0,5.0,5.0,1,5.0,-3,0.0,4,20.0,12.5,4,20.0,0,0,0,0,0,0,?
542,Tomáš,Souček,MID,WHU,9,?,"Souček (MID, ?)",4.5,4.5,4.5,1,4.5,-3,0.0,4,18.0,11.25,4,18.0,0,0,0,0,0,0,?
522,Nayef,Aguerd,DEF,WHU,7,?,"N.Aguerd (DEF, ?)",3.5,3.5,3.5,1,3.5,-3,-0.8571428571428571,4,0.0,1.3214285714285714,4,14.0,0,0,0,0,0,0,?
539,Lucas,Tolentino Coelho de Lima,MID,WHU,7,?,"L.Paquetá (MID, ?)",3.5,3.5,3.5,1,3.5,-3,0.0,4,14.0,8.75,4,14.0,0,0,0,0,0,0,?
532,Emerson,Palmieri dos Santos,DEF,WHU,5,?,"Emerson (DEF, ?)",2.5,2.5,2.5,1,2.5,-3,-1.2,4,0.0,0.65,4,10.0,0,0,0,0,0,0,?
525,Saïd,Benrahma,MID,WHU,4,?,"Benrahma (MID, ?)",2.0,2.0,2.0,1,2.0,-3,0.0,4,8.0,5.0,4,8.0,0,0,0,0,0,0,?
528,Vladimír,Coufal,DEF,WHU,4,?,"Coufal (DEF, ?)",2.0,2.0,2.0,1,2.0,-3,-1.5,4,0.0,0.25,4,8.0,0,0,0,0,0,0,?
544,Kurt,Zouma,DEF,WHU,4,?,"Zouma (DEF, ?)",2.0,2.0,2.0,1,2.0,-3,-1.5,4,0.0,0.25,4,8.0,0,0,0,0,0,0,?
534,Pablo,Fornals Malla,MID,WHU,3,?,"P.Fornals (MID, ?)",1.5,1.5,1.5,1,1.5,-3,0.0,4,6.0,3.75,4,6.0,0,0,0,0,0,0,?
527,Maxwel,Cornet,MID,WHU,1,?,"Cornet (MID, ?)",1.0,0.5,0.833,1,0.833,-3,0.0,4,3.332,2.0825,4,3.332,0,0,0,0,0,0,?
535,Danny,Ings,FWD,WHU,1,?,"Ings (FWD, ?)",1.0,0.5,0.833,1,0.833,-3,0.0,4,3.332,2.0825,4,3.332,0,0,0,0,0,0,?
537,Thilo,Kehrer,DEF,WHU,1,?,"Kehrer (DEF, ?)",1.0,0.5,0.833,1,0.833,-3,-3.6014405762304924,4,0.0,-1.3842202881152463,4,3.332,0,0,0,0,0,0,?
577,Angelo,Ogbonna,DEF,WHU,1,?,"Ogbonna (DEF, ?)",1.0,0.5,0.833,1,0.833,-3,-3.6014405762304924,4,0.0,-1.3842202881152463,4,3.332,0,0,0,0,0,0,?
642,Edson,Álvarez Velázquez,MID,WHU,1,?,"Álvarez (MID, ?)",1.0,0.5,0.833,1,0.833,-3,0.0,4,3.332,2.0825,4,3.332,0,0,0,0,0,0,?
529,Conor,Coventry,MID,WHU,0,?,"Coventry (MID, ?)",0.0,0.0,0.0,1,0.0,-3,0.0,4,0.0,0.0,4,0.0,0,0,0,0,0,0,?
530,Aaron,Cresswell,DEF,WHU,0,?,"Cresswell (DEF, ?)",0.0,0.0,0.0,1,0.0,-3,-inf,4,0.0,-inf,4,0.0,0,0,0,0,0,0,?
531,Flynn,Downes,MID,WHU,0,?,"Downes (MID, ?)",0.0,0.0,0.0,1,0.0,-3,0.0,4,0.0,0.0,4,0.0,0,0,0,0,0,0,?
533,Lukasz,Fabianski,GKP,WHU,0,?,"Fabianski (GKP, ?)",0.0,0.0,0.0,1,0.0,-3,-inf,4,0.0,-inf,4,0.0,0,0,0,0,0,0,?
536,Ben,Johnson,DEF,WHU,0,?,"Johnson (DEF, ?)",0.0,0.0,0.0,1,0.0,-3,-inf,4,0.0,-inf,4,0.0,0,0,0,0,0,0,?
538,Divin,Mubama,FWD,WHU,0,?,"Mubama (FWD, ?)",0.0,0.0,0.0,1,0.0,-3,0.0,4,0.0,0.0,4,0.0,0,0,0,0,0,0,?
541,Gianluca,Scamacca,FWD,WHU,0,?,"Scamacca (FWD, ?)",0.0,0.0,0.0,1,0.0,-3,0.0,4,0.0,0.0,4,0.0,0,0,0,0,0,0,?
543,Nikola,Vlašić,MID,WHU,0,?,"Vlašić (MID, ?)",0.0,0.0,0.0,1,0.0,-3,0.0,4,0.0,0.0,4,0.0,0,0,0,0,0,0,?
647,Joseph,Anang,GKP,WHU,0,?,"Anang (GKP, ?)",0.0,0.0,0.0,1,0.0,-3,-inf,4,0.0,-inf,4,0.0,0,0,0,0,0,0,?
676,Konstantinos,Mavropanos,DEF,WHU,0,?,"Mavropanos (DEF, ?)",0.0,0.0,0.0,1,0.0,-3,-inf,4,0.0,-inf,4,0.0,0,0,0,0,0,0,?
570,Pablo,Sarabia,MID,WOL,7,?,"Sarabia (MID, ?)",3.5,3.5,3.5,-5,-1.4285714285714286,-5,0.0,-6,-1.7142857142857142,-1.5714285714285714,4,14.0,0,0,0,0,0,0,?
557,Hwang,Hee-chan,MID,WOL,6,?,"Hee Chan (MID, ?)",3.0,3.0,3.0,-5,-1.6666666666666667,-5,0.0,-6,-2.0,-1.8333333333333335,4,12.0,0,0,0,0,0,0,?
590,Matheus,Santos Carneiro Da Cunha,FWD,WOL,4,?,"Cunha (FWD, ?)",2.0,2.0,2.0,-5,-2.5,-5,0.0,-6,-3.0,-2.75,4,8.0,0,0,0,0,0,0,?
559,João Victor,Gomes da Silva,MID,WOL,3,?,"João Gomes (MID, ?)",1.5,1.5,1.5,-5,-3.3333333333333335,-5,0.0,-6,-4.0,-3.666666666666667,4,6.0,0,0,0,0,0,0,?
565,Mario,Lemina,MID,WOL,3,?,"Lemina (MID, ?)",1.5,1.5,1.5,-5,-3.3333333333333335,-5,0.0,-6,-4.0,-3.666666666666667,4,6.0,0,0,0,0,0,0,?
567,Pedro,Lomba Neto,MID,WOL,3,?,"Neto (MID, ?)",1.5,1.5,1.5,-5,-3.3333333333333335,-5,0.0,-6,-4.0,-3.666666666666667,4,6.0,0,0,0,0,0,0,?
569,José,Malheiro de Sá,GKP,WOL,3,?,"José Sá (GKP, ?)",1.5,1.5,1.5,-5,-3.3333333333333335,-5,-3.3333333333333335,-6,0.0,-3.3333333333333335,4,6.0,0,0,0,0,0,0,?
548,Hugo,Bueno López,DEF,WOL,2,?,"Bueno (DEF, ?)",1.0,1.0,1.0,-5,-5.0,-5,-5.0,-6,0.0,-5.0,4,4.0,0,0,0,0,0,0,?
552,Fábio,Silva,FWD,WOL,2,?,"Fábio Silva (FWD, ?)",1.0,1.0,1.0,-5,-5.0,-5,0.0,-6,-6.0,-5.5,4,4.0,0,0,0,0,0,0,?
572,Nélson,Cabral Semedo,DEF,WOL,2,?,"N.Semedo (DEF, ?)",1.0,1.0,1.0,-5,-5.0,-5,-5.0,-6,0.0,-5.0,4,4.0,0,0,0,0,0,0,?
562,Sasa,Kalajdzic,FWD,WOL,1,?,"Kalajdžić (FWD, ?)",1.0,0.5,0.833,-5,-6.002400960384154,-5,0.0,-6,-7.202881152460985,-6.60264105642257,4,3.332,0,0,0,0,0,0,?
573,Toti António,Gomes,DEF,WOL,1,?,"Toti (DEF, ?)",1.0,0.5,0.833,-5,-6.002400960384154,-5,-6.002400960384154,-6,0.0,-6.002400960384154,4,3.332,0,0,0,0,0,0,?
545,Rayan,Aït-Nouri,DEF,WOL,1,?,"Aït-Nouri (DEF, ?)",0.5,0.5,0.5,-5,-10.0,-5,-10.0,-6,0.0,-10.0,4,2.0,0,0,0,0,0,0,?
551,Craig,Dawson,DEF,WOL,1,?,"Dawson (DEF, ?)",0.5,0.5,0.5,-5,-10.0,-5,-10.0,-6,0.0,-10.0,4,2.0,0,0,0,0,0,0,?
563,Max,Kilman,DEF,WOL,1,?,"Kilman (DEF, ?)",0.5,0.5,0.5,-5,-10.0,-5,-10.0,-6,0.0,-10.0,4,2.0,0,0,0,0,0,0,?
566,Matheus Luiz,Nunes,MID,WOL,1,?,"Matheus N. (MID, ?)",0.5,0.5,0.5,-5,-10.0,-5,0.0,-6,-12.0,-11.0,4,2.0,0,0,0,0,0,0,?
546,Daniel,Bentley,GKP,WOL,0,?,"Bentley (GKP, ?)",0.0,0.0,0.0,-5,-inf,-5,-inf,-6,0.0,-inf,4,0.0,0,0,0,0,0,0,?
547,Bendegúz,Bolla,DEF,WOL,0,?,"Bolla (DEF, ?)",0.0,0.0,0.0,-5,-inf,-5,-inf,-6,0.0,-inf,4,0.0,0,0,0,0,0,0,?
549,Francisco Jorge,Tomás Oliveira,MID,WOL,0,?,"Chiquinho (MID, ?)",0.0,0.0,0.0,-5,-inf,-5,0.0,-6,-inf,-inf,4,0.0,0,0,0,0,0,0,?
550,Luke,Cundle,MID,WOL,0,?,"Cundle (MID, ?)",0.0,0.0,0.0,-5,-inf,-5,0.0,-6,-inf,-inf,4,0.0,0,0,0,0,0,0,?
554,Gonçalo Manuel,Ganchinho Guedes,MID,WOL,0,?,"Guedes (MID, ?)",0.0,0.0,0.0,-5,-inf,-5,0.0,-6,-inf,-inf,4,0.0,0,0,0,0,0,0,?
555,Joe,Hodge,MID,WOL,0,?,"Hodge (MID, ?)",0.0,0.0,0.0,-5,-inf,-5,0.0,-6,-inf,-inf,4,0.0,0,0,0,0,0,0,?
556,Ki-Jana,Hoever,DEF,WOL,0,?,"Hoever (DEF, ?)",0.0,0.0,0.0,-5,-inf,-5,-inf,-6,0.0,-inf,4,0.0,0,0,0,0,0,0,?
560,Jonathan,Castro Otto,DEF,WOL,0,?,"J.Otto (DEF, ?)",0.0,0.0,0.0,-5,-inf,-5,-inf,-6,0.0,-inf,4,0.0,0,0,0,0,0,0,?
561,Bruno,Cavaco Jordão,MID,WOL,0,?,"Jordão (MID, ?)",0.0,0.0,0.0,-5,-inf,-5,0.0,-6,-inf,-inf,4,0.0,0,0,0,0,0,0,?
564,Tom,King,GKP,WOL,0,?,"King (GKP, ?)",0.0,0.0,0.0,-5,-inf,-5,-inf,-6,0.0,-inf,4,0.0,0,0,0,0,0,0,?
568,Daniel,Castelo Podence,MID,WOL,0,?,"Podence (MID, ?)",0.0,0.0,0.0,-5,-inf,-5,0.0,-6,-inf,-inf,4,0.0,0,0,0,0,0,0,?
571,Matija,Šarkić,GKP,WOL,0,?,"Šarkić (GKP, ?)",0.0,0.0,0.0,-5,-inf,-5,-inf,-6,0.0,-inf,4,0.0,0,0,0,0,0,0,?
574,Boubacar,Traoré,MID,WOL,0,?,"Boubacar Traore (MID, ?)",0.0,0.0,0.0,-5,-inf,-5,0.0,-6,-inf,-inf,4,0.0,0,0,0,0,0,0,?
598,Matt,Doherty,DEF,WOL,0,?,"Doherty (DEF, ?)",0.0,0.0,0.0,-5,-inf,-5,-inf,-6,0.0,-inf,4,0.0,0,0,0,0,0,0,?
